Opening Hours,Popular Dishes,Detailed Address
"['Mon: 11:30 AM - 9:00 PM', 'Tue: 11:30 AM - 9:00 PM', 'Wed: 11:30 AM - 9:00 PM', 'Thu: 11:30 AM - 9:00 PM', 'Fri: 11:30 AM - 10:00 PM', 'Sat: 11:30 AM - 10:00 PM', 'Sun: 12:00 PM - 8:15 PM']","['Short Ribs', 'Veal Meatballs', 'Fried Calamari', 'Chicken Parm', 'Frutti Di Mare', 'Nutella Pizza', 'Gnocchi Alla Boscaiola', 'Baked Clams', 'Chicken Parmigiana', 'Cold Antipasto', 'Fettuccine Alfredo', 'Shrimp Scampi', 'Eggplant Parm', 'Veal Marsala', 'Spaghetti and Meatballs', 'Margherita Pizza', 'Hot Antipasto', 'Fresh Pasta Alfredo', 'Veal Saltimbocca', 'Chicken Quattro Formaggi']","2370 Belmont AveBronx, NY 10458"
"['Mon: 4:00 PM - 2:00 AM (Next day)', 'Tue: 4:00 PM - 2:00 AM (Next day)', 'Wed: 4:00 PM - 2:00 AM (Next day)', 'Thu: 4:00 PM - 2:00 AM (Next day)', 'Fri: 4:00 PM - 2:00 AM (Next day)', 'Sat: 4:00 PM - 2:00 AM (Next day)', 'Sun: 4:00 PM - 2:00 AM (Next day)']",[],"141-26 Northern BlvdFlushing, NY 11354"
"['Mon: 12:00 PM - 10:30 PM', 'Tue: 12:00 PM - 10:30 PM', 'Wed: 12:00 PM - 10:30 PM', 'Thu: 12:00 PM - 10:30 PM', 'Fri: 12:00 PM - 11:30 PM', 'Sat: 12:00 PM - 11:30 PM', 'Sun: 12:00 PM - 10:30 PM']",[],"200 Baychester AveBay Plaza MallBronx, NY 10475"
"['Mon: 11:30 AM - 10:00 PM', 'Tue: 11:30 AM - 10:00 PM', 'Wed: 11:30 AM - 10:00 PM', 'Thu: 11:30 AM - 10:00 PM', 'Fri: 11:30 AM - 10:00 PM', 'Sat: 11:30 AM - 10:00 PM', 'Sun: 12:00 PM - 9:00 PM']","['Arthur Ave Pizza', 'Fried Meatballs', 'Chicken Parm', 'Chicken Parmigiana', 'Fried Calamari', 'Veal Parmigiana', 'Chocolate Mousse Cake', 'Rigatoni Bolognese', 'Linguine White Clam', 'Stuffed Artichoke', 'Bread Basket', 'Pasta Al Forno', 'Chilean Sea Bass', 'Cannoli', 'Chicken Francese']","2339 Arthur AveBronx, NY 10458"
"['Mon: 4:00 PM - 12:00 AM (Next day)', 'Tue: 4:00 PM - 12:00 AM (Next day)', 'Wed: 4:00 PM - 12:00 AM (Next day)', 'Thu: 4:00 PM - 1:00 AM (Next day)', 'Fri: 4:00 PM - 2:00 AM (Next day)', 'Sat: 12:00 PM - 2:00 AM (Next day)', 'Sun: 12:00 PM - 12:00 AM (Next day)']",[],"170 W 231st StBronx, NY 10463"
"['Mon: 11:30 AM - 10:00 PM', 'Tue: 11:30 AM - 10:30 PM', 'Wed: 11:30 AM - 10:30 PM', 'Thu: 11:30 AM - 10:30 PM', 'Fri: 11:30 AM - 11:30 PM', 'Sat: 11:30 AM - 11:30 PM', 'Sun: 11:30 AM - 10:30 PM']","['Fried Shrimp', 'Fried Lobster Tails', 'Rum Pina Colada', 'Soft Shell Crab', 'Clam Chowder', 'Pina Coladas', 'Fried Fish', 'Raw Clams', 'Fried Scallops', 'Cherry Stone Clams', 'Frog Legs', 'Fried Calamari', 'Dozen Little Necks', 'Fried Clam Strips', 'Steamed Shrimp', 'Snow Crab Legs', 'Red Snapper', 'Steamed Clams', 'Fried Chicken Liver', 'Fried Whiting']","2 City Island AveBronx, NY 10464"
"['Mon: 10:00 AM - 9:00 PM', 'Tue: 10:00 AM - 9:00 PM', 'Wed: 10:00 AM - 9:00 PM', 'Thu: 10:00 AM - 11:00 PM', 'Fri: 10:00 AM - 11:00 PM', 'Sat: 10:00 AM - 11:00 PM', 'Sun: 10:00 AM - 9:00 PM']","['Empanadas', 'Maduro Relleno', 'Cilantro Lime Chicken', 'Apple Pie Empanada', 'Cache', 'Chicken Soup', 'Picada', 'Chicharron']","1000 Morris Park AveBronx, NY 10462"
[],"['Oxtails', 'Candied Yams', 'Fried Chicken', 'Baked Chicken', 'Fried Catfish', 'Shrimp Fried Rice']","2214 Bartow AveThe Bronx, NY 10475"
"['Mon: Closed', 'Tue: 12:00 PM - 9:30 PM', 'Wed: 12:00 PM - 9:30 PM', 'Thu: 12:00 PM - 9:30 PM', 'Fri: 12:00 PM - 10:00 PM', 'Sat: 12:00 PM - 10:00 PM', 'Sun: 12:00 PM - 9:00 PM']",[],"3617 E Tremont AveThe Bronx, NY 10465"
[],[],"2049 Williamsbridge RdThe Bronx, NY 10461"
"['Mon: Closed', 'Tue: 11:00 AM - 9:00 PM', 'Wed: 11:00 AM - 9:00 PM', 'Thu: 11:00 AM - 9:00 PM', 'Fri: 11:00 AM - 11:00 PM', 'Sat: 11:00 AM - 11:00 PM', 'Sun: 11:00 AM - 9:00 PM']",[],"37 Bruckner BlvdBronx, NY 10454"
"['Mon: 11:30 AM - 2:00 AM (Next day)', 'Tue: 11:30 AM - 2:00 AM (Next day)', 'Wed: 11:30 AM - 2:00 AM (Next day)', 'Thu: 11:30 AM - 2:00 AM (Next day)', 'Fri: 11:30 AM - 4:00 AM (Next day)', 'Sat: 11:30 AM - 4:00 AM (Next day)', 'Sun: 11:30 AM - 2:00 AM (Next day)']","['Crispy Chicken Fingers', 'Piri Piri Chicken Sandwich', 'Drafthouse Burger']","884 Gerard AveBronx, NY 10452"
"['Mon: 10:00 AM - 12:00 AM (Next day)', 'Tue: 10:00 AM - 12:00 AM (Next day)', 'Wed: 10:00 AM - 12:00 AM (Next day)', 'Thu: 10:00 AM - 12:00 AM (Next day)', 'Fri: 10:00 AM - 1:00 AM (Next day)', 'Sat: 10:00 AM - 1:00 AM (Next day)', 'Sun: 10:00 AM - 12:00 AM (Next day)']","['Quesadilla', 'Enchiladas', 'Tostadas', 'Sopes', 'Chilaquiles']","2103 Starling AveBronx, NY 10462"
"['Mon: 12:00 PM - 10:00 PM', 'Tue: 9:00 AM - 5:00 PM', 'Wed: 12:00 PM - 10:00 PM', 'Thu: 12:00 PM - 10:00 PM', 'Fri: 11:00 AM - 11:00 PM', 'Sat: 11:00 AM - 11:00 PM', 'Sun: 11:00 AM - 10:00 PM']","['Braised Short Rib', 'Short Ribs Empanada', 'Beet and Kale Salad', 'Chicken Dumplings', 'Branzino', 'Chicken Milanese Tacos', 'Cavatelli', 'Grilled Octopus', 'Ny Strip Steak', 'Wasabi Tuna', 'Mojito Chicken', 'Shishito', 'Zeppoles', 'Drunken Pasta', 'Fried Calamari', 'Meatball', 'Shrimp Tacos', 'Filet Mignon', 'Caesar Salad', 'Grilled Chicken']","65 1st StPelham, NY 10803"
[],[],"4340 12th StQueens, NY 11101"
"['Mon: 7:00 AM - 4:00 PM', 'Tue: 7:00 AM - 4:00 PM', 'Wed: 7:00 AM - 4:00 PM', 'Thu: 7:00 AM - 4:00 PM 6:00 PM - 11:00 PM', 'Fri: 7:00 AM - 4:00 PM', 'Sat: Closed', 'Sun: Closed']",[],"868 Hunts Point AveBronx, NY 10474"
"['Mon: 11:00 AM - 11:30 PM', 'Tue: 11:00 AM - 11:30 PM', 'Wed: 11:00 AM - 11:30 PM', 'Thu: 11:00 AM - 11:30 PM', 'Fri: 11:00 AM - 1:30 AM (Next day)', 'Sat: 11:00 AM - 1:30 AM (Next day)', 'Sun: 11:00 AM - 11:30 PM']","['Chicken and Waffles Sandwich', 'Fried Mac', 'Chicken Wings', 'Pulled Pork Sandwich', 'Jerk Chicken', 'Veggie Burger', 'Southwest Bronx Bombers']","216 W 238th StBronx, NY 10463"
"['Mon: Closed', 'Tue: Closed', 'Wed: Closed', 'Thu: Closed', 'Fri: Closed', 'Sat: 12:00 PM - 6:00 PM', 'Sun: 12:30 PM - 6:00 PM']","['Lechon', 'Arroz Con', 'Octopus Salad', 'Empanadas', 'Enselada De Pulpo', 'Pulpo Salad', 'Roast Pig']","766 E 152nd StBronx, NY 10455"
"['Mon: 5:00 PM - 11:45 PM', 'Tue: 5:00 PM - 11:45 PM', 'Wed: 5:00 PM - 11:45 PM', 'Thu: 5:00 PM - 11:45 PM', 'Fri: 5:00 PM - 2:00 AM (Next day)', 'Sat: 5:00 PM - 2:00 AM (Next day)', 'Sun: 5:00 PM - 11:45 PM']","['Tamal De Pina', 'Enmolado De Pato', 'Lamb Tacos', 'Octopus', 'Fish Tacos', 'Cornish Hen', 'Goddess Centeotl', 'Papas Rotizadas', 'Mariposa', 'Ceviche De Camarones']","3732 Riverdale AveBronx, NY 10463"
"['Mon: 3:00 PM - 12:00 AM (Next day)', 'Tue: 11:30 AM - 12:00 AM (Next day)', 'Wed: 11:30 AM - 12:00 AM (Next day)', 'Thu: 11:30 AM - 1:00 AM (Next day)', 'Fri: 11:30 AM - 2:00 AM (Next day)', 'Sat: 11:30 AM - 2:00 AM (Next day)', 'Sun: 12:00 PM - 1:00 AM (Next day)']","['Catfish Fingers', 'Crack Wings', 'Tres Leches', 'Crispy Calamari', 'Grilled Skirt Steak', 'Shrimp Mofongo', 'Pan-seared Salmon']","1315 Commerce AveBronx, NY 10461"
"['Mon: 12:00 PM - 9:30 PM', 'Tue: 12:00 PM - 9:30 PM', 'Wed: 12:00 PM - 9:30 PM', 'Thu: 12:00 PM - 9:30 PM', 'Fri: 12:00 PM - 9:30 PM', 'Sat: 12:00 PM - 10:00 PM', 'Sun: 1:00 PM - 8:30 PM']","['Baked Clams', 'Stuffed Artichoke', 'Pork Chops Pizzaiola', 'Chicken Scarpariello', 'Fried Calamari', 'Linguini W/ Shrimp And Calamari', 'Chicken Marsala', 'Chicken Parmigiana', 'Lasagna', 'Chicken Rollatini', 'Baked Ziti', 'Ravioli', 'Veal Marsala']","2335 Arthur AveBronx, NY 10458"
"['Mon: 9:00 AM - 10:00 PM', 'Tue: 9:00 AM - 10:00 PM', 'Wed: 9:00 AM - 10:00 PM', 'Thu: 9:00 AM - 10:00 PM', 'Fri: 9:00 AM - 11:00 PM', 'Sat: 9:00 AM - 11:00 PM', 'Sun: 9:00 AM - 10:00 PM']","['Grilled Chicken', 'Qofte', 'Suxhuk', 'Baklava']","1809 Hone AveBronx, NY 10461"
"['Mon: Closed', 'Tue: 5:00 PM - 9:30 PM', 'Wed: 1:00 PM - 9:30 PM', 'Thu: 1:00 PM - 9:30 PM', 'Fri: 1:00 PM - 9:30 PM', 'Sat: 1:00 PM - 9:30 PM', 'Sun: 1:00 PM - 9:30 PM']",[],"560 North AveNew Rochelle, NY 10801"
"['Mon: 11:30 AM - 8:00 PM', 'Tue: 11:30 AM - 8:00 PM', 'Wed: 11:30 AM - 8:00 PM', 'Thu: 11:30 AM - 8:00 PM', 'Fri: 11:30 AM - 8:00 PM', 'Sat: 11:30 AM - 8:00 PM', 'Sun: 11:30 AM - 8:00 PM']",[],"1556 White Plains RdBronx, NY 10462"
"['Mon: Closed', 'Tue: Closed', 'Wed: 5:00 PM - 10:00 PM', 'Thu: 5:00 PM - 10:00 PM', 'Fri: 3:00 PM - 10:00 PM', 'Sat: 9:00 AM - 3:00 PM 5:00 PM - 10:00 PM', 'Sun: 9:00 AM - 5:00 PM']","['Saffron Shrimp', 'Huevos Rancheros', 'Crab Mac', 'Poached Eggs', 'Shrimp Avocado Omelette', 'Buttermilk Fried Chicken', 'Shishito', 'Detroit Style Pizza', 'Pulled Pork Sandwich', 'Baby Kale Salads', 'Chicken Sandwich', 'Stuffed French Toast', 'Fish Sandwich']","536 City Island AveBronx, NY 10464"
[],[],"126 W 238th StBronx, NY 10463"
"['Mon: 10:30 AM - 11:00 PM', 'Tue: 10:30 AM - 11:00 PM', 'Wed: 10:30 AM - 11:00 PM', 'Thu: 10:30 AM - 11:00 PM', 'Fri: 10:30 AM - 11:00 PM', 'Sat: 10:30 AM - 11:00 PM', 'Sun: 10:30 AM - 11:00 PM']","['Rasta Pasta', 'Jerk Chicken', 'Brown Stew Red Snapper', 'Brown Stew Chicken', 'Curry Chicken', 'Fried Chicken', 'Curry Goat', 'Curry Shrimp', 'White', 'Callaloo Spring Rolls', 'Chicken Soup', 'Fish Fingers', 'Chop Suey', 'Jerk Snapper', 'Sweet and Sour Chicken', 'Shrimp Pasta', 'Jerk Shrimp', 'Shrimp Tempura', 'Curried Goat']","4063 Boston RdBronx, NY 10466"
"['Mon: 12:00 PM - 10:30 PM', 'Tue: 12:00 PM - 10:30 PM', 'Wed: 12:00 PM - 10:30 PM', 'Thu: 12:00 PM - 10:30 PM', 'Fri: 12:00 PM - 10:30 PM', 'Sat: 12:00 PM - 10:30 PM', 'Sun: 12:00 PM - 10:30 PM']","['Chicken Taco', 'Steak Taco', 'Al Pastor Taco', 'Spicy Pork Taco', 'Beef Tongue Taco', 'Shredded Beef Taco', 'Beef Head Taco']","2140 White Plains RdBronx, NY 10462"
"['Mon: Closed', 'Tue: 12:00 AM - 10:00 PM', 'Wed: 12:00 PM - 10:00 PM', 'Thu: 12:00 PM - 10:00 PM', 'Fri: 12:00 PM - 10:00 PM', 'Sat: 12:00 PM - 10:00 PM', 'Sun: 12:00 PM - 10:00 PM']","['Grilled Lamb Chops', 'Spicy Mango Salad', 'Steamed Pork Dumplings', 'Slow Cooked Pork Shoulder', 'Crispy Chicken Over Rice', 'Green Curry', 'Shrimp Rolls', 'Drunken Noodles', 'Massaman Curry', 'Half Moon Turnover', 'Salmon Green Curry', 'Stir-fried Noodle', 'Veggie Spring Rolls', 'Thai Beef Stew', 'Shrimp And Chicken Toast', 'Thai-style Chicken Wings', 'Tiger Cry Steak', 'Pad Thai', 'Fried Tofu', 'Coconut Flan']","586 West 207 StNew York, NY 10034"
"['Mon: 9:00 AM - 12:00 AM (Next day)', 'Tue: 9:00 AM - 12:00 AM (Next day)', 'Wed: 9:00 AM - 12:00 AM (Next day)', 'Thu: 9:00 AM - 12:00 AM (Next day)', 'Fri: 9:00 AM - 12:00 AM (Next day)', 'Sat: 9:00 AM - 12:00 AM (Next day)', 'Sun: 9:00 AM - 12:00 AM (Next day)']","['1/2 Grilled Chicken', 'Greek Salad', 'Lamb Chops', 'Meat Arayes', 'Shawarma', 'Tabouleh']","1907 White Plains RdBronx, NY 10462"
"['Mon: 12:00 PM - 10:30 PM', 'Tue: 12:00 PM - 10:30 PM', 'Wed: 12:00 PM - 10:30 PM', 'Thu: 12:00 PM - 10:30 PM', 'Fri: 12:00 PM - 10:30 PM', 'Sat: 12:00 PM - 10:30 PM', 'Sun: 12:00 PM - 10:30 PM']","['Chicken Taco', 'Steak Taco', 'Al Pastor Taco', 'Spicy Pork Taco', 'Beef Tongue Taco', 'Shredded Beef Taco', 'Beef Head Taco']","2140 White Plains RdBronx, NY 10462"
"['Mon: Closed', 'Tue: 12:00 AM - 10:00 PM', 'Wed: 12:00 PM - 10:00 PM', 'Thu: 12:00 PM - 10:00 PM', 'Fri: 12:00 PM - 10:00 PM', 'Sat: 12:00 PM - 10:00 PM', 'Sun: 12:00 PM - 10:00 PM']","['Grilled Lamb Chops', 'Spicy Mango Salad', 'Steamed Pork Dumplings', 'Slow Cooked Pork Shoulder', 'Crispy Chicken Over Rice', 'Green Curry', 'Shrimp Rolls', 'Drunken Noodles', 'Massaman Curry', 'Half Moon Turnover', 'Salmon Green Curry', 'Stir-fried Noodle', 'Veggie Spring Rolls', 'Thai Beef Stew', 'Shrimp And Chicken Toast', 'Thai-style Chicken Wings', 'Tiger Cry Steak', 'Pad Thai', 'Fried Tofu', 'Coconut Flan']","586 West 207 StNew York, NY 10034"
"['Mon: 9:00 AM - 12:00 AM (Next day)', 'Tue: 9:00 AM - 12:00 AM (Next day)', 'Wed: 9:00 AM - 12:00 AM (Next day)', 'Thu: 9:00 AM - 12:00 AM (Next day)', 'Fri: 9:00 AM - 12:00 AM (Next day)', 'Sat: 9:00 AM - 12:00 AM (Next day)', 'Sun: 9:00 AM - 12:00 AM (Next day)']","['1/2 Grilled Chicken', 'Greek Salad', 'Lamb Chops', 'Meat Arayes', 'Shawarma', 'Tabouleh']","1907 White Plains RdBronx, NY 10462"
"['Mon: 4:00 PM - 1:00 AM (Next day)', 'Tue: 4:00 PM - 1:00 AM (Next day)', 'Wed: 4:00 PM - 1:00 AM (Next day)', 'Thu: 4:00 PM - 4:00 AM (Next day)', 'Fri: 4:00 PM - 4:00 AM (Next day)', 'Sat: 4:00 PM - 4:00 AM (Next day)', 'Sun: 1:00 PM - 2:00 AM (Next day)']",[],"2241 Washington AveThe Bronx, NY 10457"
"['Mon: 12:00 PM - 9:30 PM', 'Tue: Closed', 'Wed: 12:00 PM - 9:30 PM', 'Thu: 12:00 PM - 9:30 PM', 'Fri: 12:00 PM - 10:30 PM', 'Sat: 12:00 PM - 11:00 PM', 'Sun: 12:00 PM - 9:30 PM']","['Fried Calamari', 'Caesar Salad', 'Pork Osso Buco', 'Chicken Parmigiana', 'Eggplant Rollatini', 'Stuffed Artichoke', 'Tiramisu', 'Gnocchi Bolognese', 'Cavatelli', 'Black Forest', 'Insalate Tre Colore', 'Bomba', 'Spaghetti', 'Pork Braciola']","2331 Arthur AveBronx, NY 10458"
"['Mon: 4:00 PM - 12:00 AM (Next day)', 'Tue: 4:00 PM - 12:00 AM (Next day)', 'Wed: 4:00 PM - 12:00 AM (Next day)', 'Thu: 4:00 PM - 2:00 AM (Next day)', 'Fri: 4:00 PM - 2:00 AM (Next day)', 'Sat: 12:00 PM - 2:00 AM (Next day)', 'Sun: 12:00 PM - 12:00 AM (Next day)']","['Fondue Burger', 'Buffalo Cauliflower', 'Erik', 'Buffalo Wings', 'Bacon Bacon Bacon Burger', 'Instagram']","601 E 189th StBronx, NY 10458"
"['Mon: 10:00 AM - 12:00 AM (Next day)', 'Tue: 10:00 AM - 12:00 AM (Next day)', 'Wed: 10:00 AM - 12:00 AM (Next day)', 'Thu: 10:00 AM - 12:00 AM (Next day)', 'Fri: 10:00 AM - 2:00 AM (Next day)', 'Sat: 10:00 AM - 2:00 AM (Next day)', 'Sun: 10:00 AM - 12:00 AM (Next day)']","['Steak Tacos', 'Chorizo Tacos', 'Pepper Steak', 'Steak Quesadilla']","307 E 204th StBronx, NY 10467"
"['Mon: 11:00 AM - 12:00 AM (Next day)', 'Tue: 11:00 AM - 12:00 AM (Next day)', 'Wed: 11:00 AM - 12:00 AM (Next day)', 'Thu: 11:00 AM - 12:00 AM (Next day)', 'Fri: 11:00 AM - 12:00 AM (Next day)', 'Sat: 11:00 AM - 12:00 AM (Next day)', 'Sun: 11:00 AM - 12:00 AM (Next day)']","['Lamb Chops', 'Jerk Chicken', 'Surf and Turf', 'BBQ Chicken and Shrimp', 'Lobster Tail', 'Quesadilla']","671 Morris Park AveBronx, NY 10462"
"['Mon: 8:00 AM - 4:00 AM (Next day)', 'Tue: 8:00 AM - 4:00 AM (Next day)', 'Wed: 8:00 AM - 4:00 AM (Next day)', 'Thu: 8:00 AM - 4:00 AM (Next day)', 'Fri: 8:00 AM - 4:00 AM (Next day)', 'Sat: 8:00 AM - 4:00 AM (Next day)', 'Sun: 8:00 AM - 4:00 AM (Next day)']",[],"632 E 186th StBronx, NY 10458"
"['Mon: 11:30 AM - 9:00 PM', 'Tue: 11:30 AM - 10:00 PM', 'Wed: 11:30 AM - 10:00 PM', 'Thu: 11:30 AM - 10:00 PM', 'Fri: 11:30 AM - 11:00 PM', 'Sat: 11:30 AM - 11:00 PM', 'Sun: 11:30 AM - 9:00 PM']","['Calamari', 'Ravioli', 'Fried Calamari', 'Penne Vodka', 'Lasagna', 'Chicken Parmigiana', 'Zuppa Di Pesce', 'Seared Crab Cakes']","2507 Eastchester RdBronx, NY 10469"
"['Mon: 12:00 PM - 8:00 PM', 'Tue: Closed', 'Wed: Closed', 'Thu: 12:00 PM - 8:00 PM', 'Fri: 12:00 PM - 9:00 PM', 'Sat: 11:00 AM - 9:00 PM', 'Sun: 11:00 AM - 7:00 PM']","['Tacos De Mofongo', 'Churros', 'Puerto Rican 80% Dark', 'Grilled Chicken Sandwich', 'Avocado Toast', 'Smoked Pork Sandwich', 'French Toast', 'Huge Breakfast']","141 Alexander AveSouth Bronx, NY 10454"
"['Mon: 11:00 AM - 11:00 PM', 'Tue: 11:00 AM - 11:00 PM', 'Wed: 11:00 AM - 11:00 PM', 'Thu: 11:00 AM - 11:00 PM', 'Fri: 11:00 AM - 11:00 PM', 'Sat: 11:00 AM - 11:00 PM', 'Sun: 11:00 AM - 11:00 PM']","['New England Clam Chowder', 'Barbecued Baby Back Ribs & Whole Lobster', ""Joe V's Deep Divers Feast"", 'Fried Calamari', 'A Banquet For Crab Lovers', 'Chilled Seafood Combo Platter', 'Oyster Rockefeller', 'Italian Feast']","361 City Island AveBronx, NY 10464"
"['Mon: Closed', 'Tue: 12:00 PM - 9:00 PM', 'Wed: 12:00 PM - 9:00 PM', 'Thu: 12:00 PM - 9:00 PM', 'Fri: 12:00 PM - 10:00 PM', 'Sat: 12:00 PM - 10:00 PM', 'Sun: 12:00 PM - 9:00 PM']",[],"1604 Williamsbridge RdThe Bronx, NY 10461"
"['Mon: 10:00 AM - 5:00 PM', 'Tue: 10:00 AM - 5:00 PM', 'Wed: 10:00 AM - 5:00 PM', 'Thu: Closed', 'Fri: Closed', 'Sat: Closed', 'Sun: Closed']","['Mole Poblano', 'Mole Blanco', 'Quesadillas', 'Enchiladas', 'Mole Negro', 'Sopes', 'Mole Verde', 'Chilaquiles', 'Mole Oaxaqueno', 'Chiles Rellenos De Queso', 'Tostadas', 'Molcajete', 'Tortas']","308 Willis AveBronx, NY 10454"
"['Mon: 11:00 AM - 9:00 PM', 'Tue: 11:00 AM - 9:00 PM', 'Wed: 11:00 AM - 9:00 PM', 'Thu: 11:00 AM - 9:00 PM', 'Fri: 11:00 AM - 9:00 PM', 'Sat: 11:00 AM - 9:00 PM', 'Sun: Closed']","['Shrimp Roti', 'Curry Goat', 'Goat Roti', 'Beef Roti', 'Chicken Roti', 'Veggie Roti']","716 Burke AveBronx, NY 10467"
"['Mon: 11:30 AM - 10:00 PM', 'Tue: 11:30 AM - 10:00 PM', 'Wed: 11:30 AM - 10:00 PM', 'Thu: 11:30 AM - 10:00 PM', 'Fri: 11:30 AM - 11:00 PM', 'Sat: 11:30 AM - 11:00 PM', 'Sun: 11:30 AM - 9:30 PM']","['Braised Short Ribs', 'Short Rib Sandwich', 'Chicken Marsala', 'Classic Pizza']","2107 Williamsbridge RdThe Bronx, NY 10461"
"['Mon: 12:00 PM - 11:30 PM', 'Tue: 12:00 PM - 11:30 PM', 'Wed: 12:00 PM - 11:30 PM', 'Thu: 12:00 PM - 11:30 PM', 'Fri: 12:00 PM - 11:30 PM', 'Sat: 12:00 PM - 11:30 PM', 'Sun: 12:00 PM - 11:30 PM']","['Chicken Gyro', 'Lamb Gyro', 'Chicken Skewer', 'Tzatziki', 'Turkey Burger', 'Lamb Skewer', 'Baklava', 'Chicken Skewer Platter', 'Spinach Pie', 'Qofte', 'Lamb Skewer Platter', 'Qofte Platter', 'Chicken Lemon Soup', 'Chicken Avocado Wrap', '14 Oz. Rib Eye Platter', 'Mediterranean Salad', 'Ez Salad']","790 Lydig AveBronx, NY 10462"
"['Mon: Open 24 hours', 'Tue: Open 24 hours', 'Wed: Open 24 hours', 'Thu: Open 24 hours', 'Fri: Open 24 hours', 'Sat: Open 24 hours', 'Sun: Open 24 hours']","[""Nurse 's Delight Sandwich"", 'Bronx Bomber', 'Chicken Cutlet', 'Roast Beef', 'Quesadillas', 'Hero Sandwiches', 'Monti']","169 E Gun Hill RdBronx, NY 10467"
"['Mon: 7:00 AM - 4:00 PM', 'Tue: 7:00 AM - 4:00 PM', 'Wed: 7:00 AM - 4:00 PM', 'Thu: 7:00 AM - 4:00 PM', 'Fri: 7:00 AM - 4:00 PM', 'Sat: 8:00 AM - 3:00 PM', 'Sun: Closed']","['Cafe Au Lait', 'Breakfast Sandwich', 'Pesto Omelette', ""Andy 's Special Sandwich"", 'Veggie Pesto Omelet', 'Dirty']","1015 Castle Hill AveBronx, NY 10472"
"['Mon: 5:00 PM - 12:00 AM (Next day)', 'Tue: 5:00 PM - 12:00 AM (Next day)', 'Wed: 5:00 PM - 12:00 AM (Next day)', 'Thu: 5:00 PM - 12:00 AM (Next day)', 'Fri: 5:00 PM - 2:00 AM (Next day)', 'Sat: 5:00 PM - 2:00 AM (Next day)', 'Sun: 5:00 PM - 12:00 AM (Next day)']","['Croquetas De Chivo', 'Sancocho', 'Yuca', 'Adobo Grilled Half Chicken', 'Pecao Frito', 'Mofongo Mar Y Tierra', 'Goat Stew', 'Chicharron De Mar', 'Moro De Gandules', 'Fried Fish', 'Wasakaka', 'Empanadas', 'Calamari', 'Chicharron Y Casabe', 'Majarete', 'Chenchen', 'Costillas']","2420 Amsterdam AveNew York, NY 10033"
"['Mon: 4:00 PM - 12:00 AM (Next day)', 'Tue: Closed', 'Wed: 4:00 PM - 12:00 AM (Next day)', 'Thu: 4:00 PM - 2:00 AM (Next day)', 'Fri: 4:00 PM - 2:00 AM (Next day)', 'Sat: 11:00 AM - 2:00 AM (Next day)', 'Sun: 11:00 AM - 12:00 AM (Next day)']",[],"103-19 Metropolitan AveQueens, NY 11375"
"['Mon: Closed', 'Tue: 11:00 AM - 6:00 PM', 'Wed: 11:00 AM - 6:00 PM', 'Thu: 11:00 AM - 6:00 PM', 'Fri: 11:00 AM - 6:00 PM', 'Sat: 11:00 AM - 6:00 PM', 'Sun: 11:00 AM - 6:00 PM']",[],"2900 Southern BlvdBronx, NY 10458"
"['Mon: 11:30 AM - 12:00 AM (Next day)', 'Tue: 11:30 AM - 12:00 AM (Next day)', 'Wed: 11:30 AM - 12:00 AM (Next day)', 'Thu: 11:30 AM - 12:00 AM (Next day)', 'Fri: 12:00 PM - 1:00 AM (Next day)', 'Sat: 12:00 PM - 1:00 AM (Next day)', 'Sun: Closed']",[],"1026 Castle Hill AveThe Bronx, NY 10472"
[],"['Bun Dau Mam Tom', 'Raw Surf Clam Salad', 'Fried Tofu', 'Blood Sausage', 'Mussel Sausage', 'Sticky Rice Sausage', 'Chicken Feet', 'Bun Dau Dac Biet', 'Sausage Stuffed Snails', 'Cuon Diep', 'Fried Eggplant', 'Eggplant and Snail Wrap']","70 Forsyth StNew York, NY 10002"
"['Mon: 8:00 AM - 8:00 PM', 'Tue: 8:00 AM - 8:00 PM', 'Wed: 8:00 AM - 8:00 PM', 'Thu: 8:00 AM - 8:00 PM', 'Fri: 8:00 AM - 8:00 PM', 'Sat: 11:00 AM - 8:00 PM', 'Sun: Closed']","['Oxtail', 'Jerk Chicken', 'Jerk Wings']","1111 E Tremont AveBronx, NY 10460"
"['Mon: 1:00 PM - 9:00 PM', 'Tue: 1:00 PM - 9:00 PM', 'Wed: 1:00 PM - 9:00 PM', 'Thu: 1:00 PM - 9:00 PM', 'Fri: 1:00 PM - 10:00 PM', 'Sat: 1:00 PM - 10:00 PM', 'Sun: 12:00 PM - 9:00 PM']","['Bronx Burger Dog', 'Cowboy Burger', 'Mexican Burger', 'Old English Burger', 'Quesadilla', 'Bronx Bomber', 'Pony Burger', 'New York Dog', 'Empanadas', 'Veggie Burger', 'Pony Bacon Cheeseburger', 'Fried Calamari']","5816 Mosholu AveBronx, NY 10471"
"['Mon: Closed', 'Tue: 6:00 AM - 1:30 AM (Next day)', 'Wed: 6:00 AM - 1:30 AM (Next day)', 'Thu: 6:00 AM - 1:30 AM (Next day)', 'Fri: 6:00 AM - 1:30 AM (Next day)', 'Sat: 6:00 AM - 1:30 AM (Next day)', 'Sun: 6:00 AM - 1:30 PM']",[],"53 West Fordham RdNew York, NY 10468"
"['Mon: 6:30 AM - 3:00 PM', 'Tue: 6:30 AM - 3:00 PM', 'Wed: 6:30 AM - 3:00 PM', 'Thu: 6:30 AM - 3:00 PM', 'Fri: 6:30 AM - 3:00 PM', 'Sat: 6:30 AM - 3:00 PM', 'Sun: Closed']",[],"726 E Tremont AveBronx, NY 10457"
"['Mon: Closed', 'Tue: 3:00 PM - 10:00 PM', 'Wed: 3:00 PM - 10:00 PM', 'Thu: 3:00 PM - 10:00 PM', 'Fri: 12:00 PM - 12:00 AM (Next day)', 'Sat: 12:00 PM - 12:00 AM (Next day)', 'Sun: 12:00 PM - 10:00 PM']","['Shrimp Taco', 'Shrimp Tacos', 'Beet Burger', 'Tortoise and Hare Wings', 'Avocado Toast', 'Chicken Sandwich', 'Bronx Breakfast Burger', 'Grilled Shrimp Skewers', 'Guacamole and Chips', 'The Bodega Sandwich', 'French Toast']","6115 BroadwayBronx, NY 10471"
[],"['Zereshk Polu Ba Morgh', 'Kashk Bademjon', 'Kuku Sabzi']","35 W 57th StNew York, NY 10019"
"['Mon: 6:30 AM - 3:00 PM', 'Tue: 6:30 AM - 3:00 PM', 'Wed: 6:30 AM - 3:00 PM', 'Thu: 6:30 AM - 3:00 PM', 'Fri: 6:30 AM - 3:00 PM', 'Sat: 6:30 AM - 3:00 PM', 'Sun: Closed']",[],"726 E Tremont AveBronx, NY 10457"
"['Mon: Closed', 'Tue: 3:00 PM - 10:00 PM', 'Wed: 3:00 PM - 10:00 PM', 'Thu: 3:00 PM - 10:00 PM', 'Fri: 12:00 PM - 12:00 AM (Next day)', 'Sat: 12:00 PM - 12:00 AM (Next day)', 'Sun: 12:00 PM - 10:00 PM']","['Shrimp Taco', 'Shrimp Tacos', 'Beet Burger', 'Tortoise and Hare Wings', 'Avocado Toast', 'Chicken Sandwich', 'Bronx Breakfast Burger', 'Grilled Shrimp Skewers', 'Guacamole and Chips', 'The Bodega Sandwich', 'French Toast']","6115 BroadwayBronx, NY 10471"
[],"['Zereshk Polu Ba Morgh', 'Kashk Bademjon', 'Kuku Sabzi']","35 W 57th StNew York, NY 10019"
"['Mon: 12:00 PM - 12:00 AM (Next day)', 'Tue: 12:00 PM - 12:00 AM (Next day)', 'Wed: 12:00 PM - 12:00 AM (Next day)', 'Thu: 12:00 PM - 12:00 AM (Next day)', 'Fri: 12:00 PM - 1:00 AM (Next day)', 'Sat: 12:00 PM - 1:00 AM (Next day)', 'Sun: 12:00 PM - 12:00 AM (Next day)']","['Gambas Al Ajillo', 'Pulpo a La Gallega', 'Patatas Bravas', 'Chorizo a La Plancha', 'Paella Valenciana', 'Tortilla Espanola', 'Tiramisu', 'Churrasco', 'Paella Marinera']","575 W 207th StNew York, NY 10034"
"['Mon: 4:00 PM - 12:00 AM (Next day)', 'Tue: 4:00 PM - 12:00 AM (Next day)', 'Wed: 4:00 PM - 12:00 AM (Next day)', 'Thu: 4:00 PM - 12:00 AM (Next day)', 'Fri: 4:00 PM - 2:00 AM (Next day)', 'Sat: 4:00 PM - 2:00 AM (Next day)', 'Sun: 4:00 PM - 12:00 AM (Next day)']",[],"3604 BroadwayNew York, NY 10031"
"['Mon: 11:00 AM - 10:30 PM', 'Tue: 11:00 AM - 10:30 PM', 'Wed: 11:00 AM - 10:30 PM', 'Thu: 11:00 AM - 10:30 PM', 'Fri: 11:00 AM - 11:30 PM', 'Sat: 11:00 AM - 11:30 PM', 'Sun: 12:00 PM - 10:30 PM']","['Boneless Ribs', 'Garlic Wings', 'Honey Wings', 'Dumplings', 'Sesame Chicken']","4004A Boston RdBronx, NY 10475"
"['Mon: 7:30 AM - 11:30 PM', 'Tue: 7:30 AM - 11:30 PM', 'Wed: 7:30 AM - 11:30 PM', 'Thu: 7:30 AM - 11:30 PM', 'Fri: 7:30 AM - 2:30 AM (Next day)', 'Sat: 7:30 AM - 2:00 AM (Next day)', 'Sun: 7:30 AM - 11:30 PM']","['Blue Matcha', 'Organic Salmon', 'Tagliatelle Bolognese', 'Tuna Tartare']","1151 BroadwayNew York, NY 10001"
"['Mon: 12:00 PM - 1:00 AM (Next day)', 'Tue: 12:00 PM - 1:00 AM (Next day)', 'Wed: 12:00 PM - 1:00 AM (Next day)', 'Thu: 12:00 PM - 1:00 AM (Next day)', 'Fri: 12:00 PM - 2:00 AM (Next day)', 'Sat: 12:00 PM - 2:00 AM (Next day)', 'Sun: 12:00 PM - 1:00 AM (Next day)']","['Bento Box', 'Lollipop Lamb Chops', 'Ritchie Rich Rolls', 'Crab Cakes', 'Tres Golpe Sushi', 'Garlic Tostones', 'Vegetable Spring Rolls', 'Wonton Tacos', 'Chicken Teriyaki', 'Grilled Octopus']","3478 E Tremont AveBronx, NY 10465"
"['Mon: 11:30 AM - 8:00 PM', 'Tue: 11:30 AM - 8:00 PM', 'Wed: 11:30 AM - 8:00 PM', 'Thu: 11:30 AM - 8:00 PM', 'Fri: 11:30 AM - 8:00 PM', 'Sat: 11:30 AM - 8:00 PM', 'Sun: 11:30 AM - 8:00 PM']","['Pork Fried Rice', 'Churrasco Pork Chop', 'Grilled Pork Chops', 'Bourbon Boneless Ribs', 'Chofan Nuevo Latino', 'House Special Fried Rice', 'Broiled Fish', 'Bento Boxes', 'Churasco Skirt Steak', 'Shrimp Mofongo', 'Mojito Chicken', 'Fried Pork Chunks']","1200 Castle Hill AveBronx, NY 10462"
"['Mon: 11:00 AM - 9:30 PM', 'Tue: 11:00 AM - 9:30 PM', 'Wed: 11:00 AM - 9:30 PM', 'Thu: 11:00 AM - 9:30 PM', 'Fri: 11:00 AM - 10:30 PM', 'Sat: 12:00 PM - 10:30 PM', 'Sun: Closed']","['Mr. Q Special Roll', ""Steak Au Mr. Q's"", 'Fried Chicken Wings', 'Spicy Yellowtail Roll', 'Yellowtail Roll', 'Pan Fried Pork Dumpling']","2115 Williamsbridge RdBronx, NY 10461"
"['Mon: Closed', 'Tue: 11:00 AM - 9:00 PM', 'Wed: 11:00 AM - 9:00 PM', 'Thu: 11:00 AM - 9:00 PM', 'Fri: 11:00 AM - 9:00 PM', 'Sat: 11:00 AM - 9:00 PM', 'Sun: 12:00 PM - 6:00 PM']",[],"70 E 3rd StMt Vernon, NY 10550"
"['Mon: 5:30 PM - 10:00 PM', 'Tue: 5:30 PM - 10:00 PM', 'Wed: 5:30 PM - 10:00 PM', 'Thu: 5:30 PM - 10:00 PM', 'Fri: 5:30 PM - 11:00 PM', 'Sat: 5:30 PM - 11:00 PM', 'Sun: 4:00 PM - 9:00 PM']","['Filet Mignon', 'Scallops', 'Skirt Steak', 'Seafood Combo', 'Spaghetti']","4787 Boston Post RdPelham, NY 10803"
"['Mon: Closed', 'Tue: 12:00 PM - 10:00 PM', 'Wed: 12:00 PM - 10:00 PM', 'Thu: 12:00 PM - 10:00 PM', 'Fri: 12:00 PM - 11:00 PM', 'Sat: 12:00 PM - 11:00 PM', 'Sun: 11:30 AM - 9:00 PM']","['Stuffed Shrimp', 'Garlic Shrimp', 'Empanadas', 'Clam Casino']","190 River RdFl 2Edgewater, NJ 07020"
"['Mon: 11:00 AM - 4:00 PM 5:00 PM - 10:00 PM', 'Tue: 11:00 AM - 4:00 PM 5:00 PM - 10:00 PM', 'Wed: 11:00 AM - 4:00 PM 5:00 PM - 10:00 PM', 'Thu: 11:00 AM - 4:00 PM 5:00 PM - 10:00 PM', 'Fri: 11:00 AM - 4:00 PM 5:00 PM - 11:00 PM', 'Sat: 12:00 PM - 4:00 PM 5:00 PM - 11:00 PM', 'Sun: 12:00 PM - 4:00 PM 5:00 PM - 11:00 PM']","['Pad Thai', 'Massaman Curry', 'Spicy Basil Udon', 'Spring Roll', 'Green Curry', 'Khao Man Kai', 'Skirt Steak Salad', 'Crispy Pork', 'Pineapple Fried Rice', 'Papaya Salad', 'Crispy Veggie Rolls', 'Pork Chop Salad', 'Royal Duck Noodle', 'Tom Yum Soup', 'Red Curry', 'Spicy Coco Noodle Soup', 'Tom Kha Chicken Soup', 'Udon Noodles', 'Crab Rangoon', 'Drunken Udon']","4131 BroadwayNew York, NY 10033"
"['Mon: 10:00 AM - 9:00 PM', 'Tue: 10:00 AM - 9:00 PM', 'Wed: 10:00 AM - 9:00 PM', 'Thu: 10:00 AM - 9:00 PM', 'Fri: 10:00 AM - 9:00 PM', 'Sat: 10:00 AM - 9:00 PM', 'Sun: 10:00 AM - 9:00 PM']","['Lobster Roll', 'Rh Burger', 'Avocado Toast', 'Shaved Ribeye Sandwich', 'Kale Caesar Salad', 'Thick Cut Pork Belly Bacon', 'Roasted Half Chicken', 'Crispy Artichokes', 'Arugula Salad', 'Smoked Salmon', 'Truffle Grilled Sandwich', 'Soft Scrambled Eggs', 'Banana Split', 'Fried Artichoke', 'Gem Lettuce Salad', 'Rh Scramble', 'Broiled Salmon']","9 9th AveNew York, NY 10014"
"['Mon: 12:00 PM - 3:30 PM 4:30 PM - 9:00 PM', 'Tue: 12:00 PM - 3:30 PM 4:30 PM - 9:00 PM', 'Wed: 12:00 PM - 3:30 PM 4:30 PM - 9:00 PM', 'Thu: 12:00 PM - 3:30 PM 4:30 PM - 10:00 PM', 'Fri: 12:00 PM - 3:30 PM 4:30 PM - 10:00 PM', 'Sat: 11:30 AM - 3:30 PM 4:30 PM - 10:00 PM', 'Sun: 11:30 AM - 3:30 PM 4:30 PM - 8:00 PM']","['Squid Adobo', 'Pork Adobo', 'Sisig', 'Lechon Kawali', 'Kare-kare', 'Chicken Adobo', 'Garlic Fried Rice Tray', 'Chicken Inasal', 'Pancit Palabok', 'Pata', 'Vegetable Lumpia Tray', 'Smoked Tinapa']","790 9th AveNew York, NY 10019"
"['Mon: 5:00 PM - 10:00 PM', 'Tue: Closed', 'Wed: 5:00 PM - 10:00 PM', 'Thu: 5:00 PM - 10:00 PM', 'Fri: 5:00 PM - 10:00 PM', 'Sat: 5:00 PM - 10:00 PM', 'Sun: 5:00 PM - 10:00 PM']",[],"222 Franklin StBrooklyn, NY 11222"
[],[],"Queens, NY 11101"
"['Mon: 4:00 PM - 10:45 PM', 'Tue: Closed', 'Wed: 4:00 PM - 10:45 PM', 'Thu: 4:00 PM - 10:45 PM', 'Fri: 4:00 PM - 10:45 PM', 'Sat: 4:00 PM - 10:45 PM', 'Sun: 4:00 PM - 10:45 PM']",[],"407 East 161st StBronx, NY 10451"
"['Mon: Closed', 'Tue: 11:30 AM - 8:30 PM', 'Wed: 11:30 AM - 8:30 PM', 'Thu: 11:30 AM - 8:30 PM', 'Fri: 11:30 AM - 8:30 PM', 'Sat: 11:30 AM - 8:30 PM', 'Sun: 11:30 AM - 8:30 PM']","['Grilled Marinated Pork Chop', ""Van's Spring Rolls"", 'Lemon Shrimp', 'Stir Fried Noodles', 'Halo Halo', 'Charbroiled Pork and Fried Shrimp Rolls', 'Chili-sate Noodle Soup']","694 Central Park AveScarsdale, NY 10583"
"['Mon: 4:00 PM - 10:45 PM', 'Tue: Closed', 'Wed: 4:00 PM - 10:45 PM', 'Thu: 4:00 PM - 10:45 PM', 'Fri: 4:00 PM - 10:45 PM', 'Sat: 4:00 PM - 10:45 PM', 'Sun: 4:00 PM - 10:45 PM']",[],"407 East 161st StBronx, NY 10451"
"['Mon: 4:00 PM - 10:00 PM', 'Tue: 4:00 PM - 10:00 PM', 'Wed: 4:00 PM - 12:00 AM (Next day)', 'Thu: 4:00 PM - 10:00 PM', 'Fri: 4:00 PM - 2:00 AM (Next day)', 'Sat: 3:00 PM - 2:00 AM (Next day)', 'Sun: 3:00 PM - 11:00 PM']","['Alaskan King Crab Legs', 'Whole Lobster', 'Crawfish']","2179 White Plains RdNew York, NY 10462"
"['Mon: 7:00 AM - 7:30 PM', 'Tue: 7:00 AM - 7:30 PM', 'Wed: 7:00 AM - 7:30 PM', 'Thu: 7:00 AM - 7:30 PM', 'Fri: 7:00 AM - 7:30 PM', 'Sat: 7:00 AM - 7:30 PM', 'Sun: 7:00 AM - 7:30 PM']","['Baked Ziti', 'La Nonna Panini', 'Eggplant Supreme Hero', 'Penne Vodka']","2410 Arthur AveBronx, NY 10458"
"['Mon: Closed', 'Tue: 4:00 PM - 1:00 AM (Next day)', 'Wed: 4:00 PM - 1:00 AM (Next day)', 'Thu: 4:00 PM - 1:00 AM (Next day)', 'Fri: 4:00 PM - 1:00 AM (Next day)', 'Sat: 4:00 PM - 1:00 AM (Next day)', 'Sun: Closed']",[],"150 W 30th StNew York, NY 10001"
"['Mon: 11:30 AM - 12:00 AM (Next day)', 'Tue: 11:30 AM - 12:00 AM (Next day)', 'Wed: 11:30 AM - 12:00 AM (Next day)', 'Thu: 11:30 AM - 12:00 AM (Next day)', 'Fri: 11:30 AM - 12:00 AM (Next day)', 'Sat: 11:30 AM - 12:00 AM (Next day)', 'Sun: 11:30 AM - 12:00 AM (Next day)']",[],"207 12th AveBig Red Boat in ParkNew York, NY 10001"
"['Mon: Closed', 'Tue: Closed', 'Wed: 11:00 AM - 8:00 PM', 'Thu: 11:00 AM - 8:00 PM', 'Fri: 11:00 AM - 9:00 PM', 'Sat: 12:00 PM - 9:00 PM', 'Sun: 1:00 PM - 7:00 PM']","['Catfish Nuggets', 'Jerk Chicken', 'Whiting', 'Candied Yams', 'Fried Shrimp', 'Snapper']","47 North BroadwayYonkers, NY 10701"
"['Mon: 10:00 AM - 11:00 PM', 'Tue: 10:00 AM - 11:00 PM', 'Wed: 10:00 AM - 11:00 PM', 'Thu: 10:00 AM - 11:00 PM', 'Fri: 10:00 AM - 11:00 PM', 'Sat: 10:00 AM - 11:00 PM', 'Sun: 10:00 AM - 11:00 PM']","['Birria Tacos', 'Taco Salad', 'Steak Taco']","2819 White Plains RdBronx, NY 10467"
"['Mon: Closed', 'Tue: Closed', 'Wed: 12:00 PM - 2:00 PM 5:30 PM - 10:00 PM', 'Thu: 12:00 PM - 2:00 PM 5:30 PM - 10:00 PM', 'Fri: 12:00 PM - 2:00 PM 5:30 PM - 10:00 PM', 'Sat: 5:00 PM - 10:00 PM', 'Sun: 12:00 PM - 2:00 PM 5:00 PM - 9:00 PM']","['Short Rib Foie Gras', 'Braised Short Ribs', 'Seafood Crepe', 'Cowboy Ribeye', 'Rib Eye Steak', 'Grilled Octopus', 'Coconut Shrimp', 'Black Truffle Risotto', 'Pork Chop', 'Wild Mushroom Ravioli', 'Duck Breast', 'Tuna Tartar', 'Cowboy Steak', 'Soft Shell Crab', 'Creamed Spinach', 'Hanger Steak', 'Swordfish', 'Prosecco']","71 Water Grant StYonkers, NY 10701"
"['Mon: 11:00 AM - 4:00 AM (Next day)', 'Tue: 11:00 AM - 4:00 AM (Next day)', 'Wed: 11:00 AM - 4:00 AM (Next day)', 'Thu: 11:00 AM - 4:00 AM (Next day)', 'Fri: 11:00 AM - 4:00 AM (Next day)', 'Sat: 11:00 AM - 4:00 AM (Next day)', 'Sun: 11:00 AM - 4:00 AM (Next day)']","['Traditional Irish Breakfast', 'French Onion', 'Shepherds Pie']","4292 Katonah AveBronx, NY 10470"
"['Mon: 11:00 AM - 10:00 PM', 'Tue: 11:00 AM - 10:00 PM', 'Wed: 11:00 AM - 10:00 PM', 'Thu: 11:00 AM - 10:00 PM', 'Fri: 11:00 AM - 10:00 PM', 'Sat: 11:00 AM - 10:00 PM', 'Sun: 11:00 AM - 10:00 PM']","['Greek Salad', 'Grilled Octopus', 'Orzo', 'Spanakopita', 'Vegetarian Mix', 'Chicken Gyro', 'Gyro Sandwich', 'Spinach Pie', 'Grilled Halloumi', 'Lamb Chops']","3733 Riverdale AveBronx, NY 10463"
"['Mon: Closed', 'Tue: 12:00 PM - 9:45 PM', 'Wed: 12:00 PM - 9:45 PM', 'Thu: 12:00 PM - 9:45 PM', 'Fri: 12:00 PM - 10:45 PM', 'Sat: 12:00 PM - 10:45 PM', 'Sun: 12:00 PM - 9:45 PM']","['Turkey Burger', 'El Barrio Burger', 'Fish Burger', 'Guacaburger', 'Sriracha Burger', 'Grilled Chicken Sandwich', 'Bx Goat Burger', 'Fish Sandwich', 'Portobello Mushroom Burger']","148 Bruckner BlvdBronx, NY 10454"
"['Mon: 10:00 AM - 11:00 PM', 'Tue: 10:00 AM - 11:00 PM', 'Wed: 10:00 AM - 10:00 PM', 'Thu: 10:00 AM - 10:00 PM', 'Fri: 10:00 AM - 10:00 PM', 'Sat: 10:00 AM - 11:00 PM', 'Sun: 10:00 AM - 11:00 PM']","['Chicken Tikka Masala', 'Chicken Biryani', 'Goat Curry', 'Chicken Samosa', 'Beef Nihari']","3594 Jerome AveBronx, NY 10452"
"['Mon: Closed', 'Tue: 5:00 PM - 11:00 PM', 'Wed: 5:00 PM - 11:00 PM', 'Thu: 5:00 PM - 11:00 PM', 'Fri: 5:00 PM - 12:00 AM (Next day)', 'Sat: 5:00 PM - 12:00 AM (Next day)', 'Sun: 5:00 PM - 11:00 PM']",[],"42-45 27th StNew York, NY 11101"
"['Mon: 10:00 AM - 11:00 PM', 'Tue: 10:00 AM - 11:00 PM', 'Wed: 10:00 AM - 11:00 PM', 'Thu: 10:00 AM - 11:00 PM', 'Fri: 10:00 AM - 12:00 AM (Next day)', 'Sat: 10:00 AM - 12:00 AM (Next day)', 'Sun: 11:00 AM - 11:00 PM']","['Chicken Vodka Slice', 'Chicken Vodka Pizza', 'Chicken Pesto Pizza', 'Chicken Francese Pizza', 'Eggplant Parm', 'White Slice', 'Pesto Slice', 'Pizza Slices', 'Calzones', 'Buffalo Chicken']","1051 Morris Park AveBronx, NY 10461"
"['Mon: 2:00 PM - 11:00 PM', 'Tue: 2:00 PM - 11:00 PM', 'Wed: 2:00 PM - 11:00 PM', 'Thu: 2:00 PM - 11:00 PM', 'Fri: 2:00 PM - 11:00 PM', 'Sat: 2:00 PM - 11:00 PM', 'Sun: 2:00 PM - 11:00 PM']",[],"2503 Grand ConcourseThe Bronx, NY 10468"
[],[],"791 Lydig AveBronx, NY 10462"
[],[],"229 E Kingsbridge RdBronx, NY 10458"
[],[],"43 MacDougal StNew York, NY 10011"
"['Mon: 11:00 AM - 10:00 PM', 'Tue: 11:00 AM - 10:00 PM', 'Wed: 11:00 AM - 10:00 PM', 'Thu: 11:00 AM - 10:00 PM', 'Fri: 11:00 AM - 11:00 PM', 'Sat: 11:00 AM - 11:00 PM', 'Sun: 11:00 AM - 10:00 PM']","['Classic Margarita Pizza', 'Kale and Red Beets Salad', 'Fried Calamari', 'Shrimp Scampi', 'Parma Pizza', 'Tricolore', 'Margherita Pizza', 'White Pizza', 'Cacio E Pepe']","33 Fifth AvePelham, NY 10803"
"['Mon: 11:30 AM - 10:00 PM', 'Tue: 11:30 AM - 10:00 PM', 'Wed: 11:30 AM - 10:00 PM', 'Thu: 11:30 AM - 10:00 PM', 'Fri: 11:30 AM - 11:00 PM', 'Sat: 11:30 AM - 11:00 PM', 'Sun: 11:30 AM - 10:00 PM']","['Fried Calamari Dinner', 'Pear and Gorgonzola Salad Dinner', 'Chicken Parmigiana Dinner', 'Eggplant Parmigiana Pasta Dinner', 'Clams Oreganata Dinner', 'Chicken Marsala Dinner', 'Pork Chop Pizzaiola', 'Veal Osso Buco Dinner', 'Rib Eye Steak Dinner', 'Spaghetti Carbonara Dinner', 'Shrimps Scampi', 'Penne Alla Vodka Dinner', 'Grilled Lamb Chops Dinner']","2389 Arthur AveBronx, NY 10458"
[],[],"43 MacDougal StNew York, NY 10011"
"['Mon: 11:00 AM - 10:00 PM', 'Tue: 11:00 AM - 10:00 PM', 'Wed: 11:00 AM - 10:00 PM', 'Thu: 11:00 AM - 10:00 PM', 'Fri: 11:00 AM - 11:00 PM', 'Sat: 11:00 AM - 11:00 PM', 'Sun: 11:00 AM - 10:00 PM']","['Classic Margarita Pizza', 'Kale and Red Beets Salad', 'Fried Calamari', 'Shrimp Scampi', 'Parma Pizza', 'Tricolore', 'Margherita Pizza', 'White Pizza', 'Cacio E Pepe']","33 Fifth AvePelham, NY 10803"
"['Mon: 11:30 AM - 10:00 PM', 'Tue: 11:30 AM - 10:00 PM', 'Wed: 11:30 AM - 10:00 PM', 'Thu: 11:30 AM - 10:00 PM', 'Fri: 11:30 AM - 11:00 PM', 'Sat: 11:30 AM - 11:00 PM', 'Sun: 11:30 AM - 10:00 PM']","['Fried Calamari Dinner', 'Pear and Gorgonzola Salad Dinner', 'Chicken Parmigiana Dinner', 'Eggplant Parmigiana Pasta Dinner', 'Clams Oreganata Dinner', 'Chicken Marsala Dinner', 'Pork Chop Pizzaiola', 'Veal Osso Buco Dinner', 'Rib Eye Steak Dinner', 'Spaghetti Carbonara Dinner', 'Shrimps Scampi', 'Penne Alla Vodka Dinner', 'Grilled Lamb Chops Dinner']","2389 Arthur AveBronx, NY 10458"
"['Mon: 11:00 AM - 11:00 PM', 'Tue: 11:00 AM - 11:00 PM', 'Wed: 11:00 AM - 11:00 PM', 'Thu: 11:00 AM - 11:00 PM', 'Fri: 11:00 AM - 11:00 PM', 'Sat: 11:00 AM - 11:00 PM', 'Sun: 11:00 AM - 11:00 PM']","['Chicken Tikka Masala', 'Chicken Biryani', 'Samosa', 'Beef Tehari', 'Chana Masala', 'Vegetable Biryani', 'Paratha']","1445 Olmstead AveBronx, NY 10462"
"['Mon: 5:00 AM - 10:00 PM', 'Tue: 5:00 AM - 10:00 PM', 'Wed: 5:00 AM - 10:00 PM', 'Thu: 5:00 AM - 10:00 PM', 'Fri: 5:00 AM - 10:00 PM', 'Sat: 5:00 AM - 10:00 PM', 'Sun: 5:00 AM - 10:00 PM']","['Chicken Doner Plate', 'Pork Doner Gyro', 'Lamb Gyro', 'Cheeseburger']","1805 Edison AveMiddletown - Pelham Bay, NY 10461"
"['Mon: 5:30 PM - 8:30 PM', 'Tue: 5:30 PM - 8:30 PM', 'Wed: 5:30 PM - 8:30 PM', 'Thu: 5:30 PM - 8:30 PM', 'Fri: Closed', 'Sat: Closed', 'Sun: Closed']",[],"1663 1st AveNew York, NY 10028"
"['Mon: 11:00 AM - 10:30 PM', 'Tue: 11:00 AM - 10:30 PM', 'Wed: 11:00 AM - 10:30 PM', 'Thu: 11:00 AM - 10:30 PM', 'Fri: 11:00 AM - 11:30 PM', 'Sat: 11:00 AM - 11:30 PM', 'Sun: 11:00 AM - 11:30 PM']","['Peking Duck', 'Grilled Fish', 'Soup Dumplings', 'Cumin Lamb', 'Jiang Nan', 'Salted Egg Yolk Fried Shrimp', 'Mapo Tofu', 'Braised Pork Belly', 'Stir Fried Loofah', 'Boiled Duck Blood', 'Sliced Pork', 'Sweet and Sour Pork', 'Black Truffle Fried Tofu', 'Tiger Prawn', 'Sliced Beef', 'Salty Egg Yolk Tofu', 'Sauteed Water Spinach', 'Chongqing', 'Chicken Soup', 'Braised Beef Brisket']","133-42 39th AveSte 101Flushing, NY 11354"
"['Mon: 11:00 AM - 1:00 AM (Next day)', 'Tue: 11:00 AM - 1:00 AM (Next day)', 'Wed: 11:00 AM - 1:00 AM (Next day)', 'Thu: 11:00 AM - 1:00 AM (Next day)', 'Fri: 11:00 AM - 2:00 AM (Next day)', 'Sat: 11:00 AM - 2:00 AM (Next day)', 'Sun: 11:00 AM - 1:00 AM (Next day)']","['French Toast', 'Fried Calamari', 'Penne Alla Vodka', 'Toscana Salad', 'Crab Cakes', 'Chicken Parm', 'Dry Penne Ala Vodka', 'Cannoli']","4038 E Tremont AveBronx, NY 10465"
"['Mon: 12:00 PM - 9:00 PM', 'Tue: 11:00 AM - 9:00 PM', 'Wed: 11:00 AM - 9:00 PM', 'Thu: 11:00 AM - 9:00 PM', 'Fri: 11:00 AM - 10:00 PM', 'Sat: 12:00 PM - 10:00 PM', 'Sun: 11:00 AM - 9:00 PM']","['Jerk Chicken', 'Festival', 'Ribs', 'BBQ Pork', 'Jerk Pork']","27 Gloucester AveJamaica, NY 11423"
"['Mon: 6:00 AM - 10:00 PM', 'Tue: 6:00 AM - 10:00 PM', 'Wed: 6:00 AM - 10:00 PM', 'Thu: 6:00 AM - 10:00 PM', 'Fri: 6:00 AM - 10:00 PM', 'Sat: 6:00 AM - 10:00 PM', 'Sun: 6:00 AM - 10:00 PM']","['Oxtail', 'Jerk Chicken', 'Jerk Wings', 'Brown Stew Red Snapper', 'Baked Chicken', 'Curry Chicken']","3768 White Plains RdBronx, NY 10467"
"['Mon: 11:30 AM - 3:45 PM 5:00 PM - 10:30 PM', 'Tue: 11:30 AM - 3:45 PM 5:00 PM - 10:30 PM', 'Wed: 11:30 AM - 3:45 PM 5:00 PM - 10:30 PM', 'Thu: 11:30 AM - 3:45 PM 5:00 PM - 10:30 PM', 'Fri: 11:30 AM - 3:45 PM 5:00 PM - 11:30 PM', 'Sat: 12:00 PM - 11:30 PM', 'Sun: 12:00 PM - 10:30 PM']",[],"1439 2nd AveNew York, NY 10021"
"['Mon: 10:30 AM - 10:30 PM', 'Tue: 10:30 AM - 10:30 PM', 'Wed: 10:30 AM - 10:30 PM', 'Thu: 10:30 AM - 10:30 PM', 'Fri: 10:30 AM - 11:00 PM', 'Sat: 10:30 AM - 11:00 PM', 'Sun: 11:00 AM - 10:30 PM']",[],"2028 Jerome AveBronx, NY 10453"
"['Mon: 11:00 AM - 10:00 PM', 'Tue: 11:00 AM - 10:00 PM', 'Wed: 11:00 AM - 10:00 PM', 'Thu: 11:00 AM - 10:00 PM', 'Fri: 11:00 AM - 10:00 PM', 'Sat: 11:00 AM - 10:00 PM', 'Sun: 11:00 AM - 10:00 PM']","['Chicken Tikka Masala', 'Chicken Samosa', 'Chicken Roll', 'Chicken Kebab', 'Chicken Tandoori', 'Vegetable Singara', 'Lamb Curry']","3111 Bainbridge AveBronx, NY 10467"
"['Mon: 12:00 PM - 10:00 PM', 'Tue: 12:00 PM - 10:00 PM', 'Wed: 12:00 PM - 10:00 PM', 'Thu: 12:00 PM - 10:00 PM', 'Fri: 12:00 PM - 10:00 PM', 'Sat: 12:00 PM - 10:00 PM', 'Sun: 12:00 PM - 10:00 PM']",[],"273 Halstead AveHarrison, NY 10528"
"['Mon: Closed', 'Tue: 12:00 PM - 9:00 PM', 'Wed: 12:00 PM - 8:30 PM', 'Thu: 12:00 PM - 8:30 PM', 'Fri: 12:00 PM - 9:30 PM', 'Sat: 12:00 PM - 9:30 PM', 'Sun: 12:00 PM - 8:30 PM']","['Catfish', 'Basket', 'Fried Lobster Tail', 'Coconut Shrimp']","634 City Island AveBronx, NY 10464"
"['Mon: Closed', 'Tue: 12:00 PM - 9:30 PM', 'Wed: 12:00 PM - 9:30 PM', 'Thu: 12:00 PM - 9:30 PM', 'Fri: 12:00 PM - 10:00 PM', 'Sat: 12:00 PM - 10:00 PM', 'Sun: 1:00 PM - 8:00 PM']",[],"490 Hunts Point AveNew York, NY 10474"
"['Mon: 1:00 PM - 11:00 PM', 'Tue: 1:00 PM - 11:00 PM', 'Wed: 1:00 PM - 11:00 PM', 'Thu: 1:00 PM - 11:00 PM', 'Fri: 1:00 PM - 1:00 AM (Next day)', 'Sat: 1:00 PM - 12:00 AM (Next day)', 'Sun: 1:00 PM - 12:00 AM (Next day)']","['Paella Casa Del Mar for 2', 'Mofongo', 'Fried Calamari', 'Churrasco', 'Parrillada De Carne for 2', 'Caesar Salad', 'Salmon Croquettes', 'Grilled Seafood Platter for 2']","1779 Webster AveBronx, NY 10457"
"['Mon: 10:00 AM - 9:00 PM', 'Tue: 10:00 AM - 9:00 PM', 'Wed: 10:00 AM - 9:00 PM', 'Thu: 10:00 AM - 9:00 PM', 'Fri: 10:00 AM - 9:00 PM', 'Sat: 10:00 AM - 9:00 PM', 'Sun: 10:00 AM - 9:00 PM']",[],"1991 Bronxdale AveSte 3Bronx, NY 10462"
[],[],"1729 Crosby AveBronx, NY 10461"
"['Mon: Closed', 'Tue: 8:00 AM - 7:00 PM', 'Wed: 8:00 AM - 9:30 PM', 'Thu: 8:00 AM - 9:30 PM', 'Fri: 8:00 AM - 9:30 PM', 'Sat: 8:00 AM - 9:30 PM', 'Sun: 8:00 AM - 5:00 PM']","['Monty', 'Rotisserie Chicken', 'Philly Cheesesteak', 'Butternut Squash Soup', 'Hot Chicken Sandwich', 'Instagram', 'Buttermilk Battered Chicken', 'Pork Rib', 'Shakshuka']","615 Milton RdRye, NY 10580"
"['Mon: 11:30 AM - 8:30 PM', 'Tue: 11:30 AM - 8:30 PM', 'Wed: 11:30 AM - 8:30 PM', 'Thu: 11:30 AM - 8:30 PM', 'Fri: 11:30 AM - 8:30 PM', 'Sat: 12:00 PM - 9:00 PM', 'Sun: 12:00 PM - 9:00 PM']","['Pork Dumplings', 'Crab Meat with Pork Steamed Soup Buns', 'Hong Kong Hot and Sour Soup', 'Sesame Chicken', 'Crispy Shredded Spicy Beef', 'Orange Chicken', 'General Tso Tofu', 'Shanghai Spring Rolls', 'Young Chow Fried Rice', 'Pan Fried Noodles', 'Lo Mein', 'Shanghai Rice Cake', 'Crispy Pork Chops with Peppery Salt', 'Rice Cakes', 'Beef Scallion Sandwich', 'Vegetable Dumplings', 'Spicy Cold Cucumber Salad', 'Minced Chicken Corn Soup', '1/2 Crispy Duck with Peppery Salt', 'Orange Beef']","7 E 48th Stbetween Fifth and Madison avenuesNew York, NY 10017"
"['Mon: 12:00 AM - 6:00 AM 7:00 AM - 12:00 AM (Next day)', 'Tue: 12:00 AM - 6:00 AM 7:00 AM - 12:00 AM (Next day)', 'Wed: 12:00 AM - 6:00 AM 7:00 AM - 12:00 AM (Next day)', 'Thu: 12:00 AM - 6:00 AM 7:00 AM - 12:00 AM (Next day)', 'Fri: Open 24 hours', 'Sat: Open 24 hours', 'Sun: Open 24 hours']","['Shredded Chicken', 'Shredded Beef', 'Roast Pork', 'Three Meats', 'Grilled Chicken']","107 Dyckman StNew York, NY 10040"
"['Mon: 4:00 PM - 1:00 AM (Next day)', 'Tue: 4:00 PM - 1:00 AM (Next day)', 'Wed: 4:00 PM - 1:00 AM (Next day)', 'Thu: 4:00 PM - 1:00 AM (Next day)', 'Fri: 4:00 PM - 1:00 AM (Next day)', 'Sat: 12:00 PM - 1:00 AM (Next day)', 'Sun: 12:00 PM - 1:00 AM (Next day)']","['Flan', 'Churrasco / Skirt Steak', 'Lobster Tail Paella', 'Quesadilla', 'Empanadas']","5060 BroadwayNew York, NY 10034"
"['Mon: 7:30 AM - 9:00 PM', 'Tue: Closed', 'Wed: Closed', 'Thu: Closed', 'Fri: Closed', 'Sat: Closed', 'Sun: 7:30 AM - 9:00 PM']","['Jerk Chicken', 'Curry Goat', 'Curry Chicken']","1195 Walton AveBronx, NY 10452"
[],[],"1709 Webster AveBronx, NY 10457"
[],[],"1 E 161st StBronx, NY 10451"
"['Mon: 12:00 PM - 4:00 AM (Next day)', 'Tue: 12:00 PM - 4:00 AM (Next day)', 'Wed: 12:00 PM - 4:00 AM (Next day)', 'Thu: 12:00 PM - 4:00 AM (Next day)', 'Fri: 12:00 PM - 4:00 AM (Next day)', 'Sat: 12:00 PM - 4:00 AM (Next day)', 'Sun: 12:00 PM - 4:00 AM (Next day)']",[],"500 W 145th StNew York, NY 10031"
"['Mon: 12:00 PM - 8:30 PM', 'Tue: Closed', 'Wed: 12:00 PM - 8:30 PM', 'Thu: 12:00 PM - 8:30 PM', 'Fri: 12:00 PM - 9:00 PM', 'Sat: 12:00 PM - 9:00 PM', 'Sun: 12:00 PM - 8:30 PM']","['Fried Clams', 'Fried Fish Tacos Plate', 'Rice Bowl Plate', 'Whoopie Pie', 'New England Clam Chowder', 'Classic Maine Lobster Roll', 'Grilled Octopus Plate', 'Fried Chicken Sandwich', 'The Perfect Storm', 'Salt Box Burger', 'Fried Calamari', 'Fried Shrimp']","19 Main StHastings on Hudson, NY 10706"
"['Mon: Open 24 hours', 'Tue: Open 24 hours', 'Wed: Open 24 hours', 'Thu: Open 24 hours', 'Fri: Open 24 hours', 'Sat: Open 24 hours', 'Sun: Open 24 hours']","['Pollo Con Arroz', 'Chicharron De Pollo Sin Hueso', 'Roasted Chicken', 'Tostones', 'Stewed Chicken', 'Camarofongo', 'Los Tres Golpes', 'Moro Negro']","3892 BroadwayNew York, NY 10032"
[],[],"1709 Webster AveBronx, NY 10457"
[],[],"1 E 161st StBronx, NY 10451"
"['Mon: 12:00 PM - 4:00 AM (Next day)', 'Tue: 12:00 PM - 4:00 AM (Next day)', 'Wed: 12:00 PM - 4:00 AM (Next day)', 'Thu: 12:00 PM - 4:00 AM (Next day)', 'Fri: 12:00 PM - 4:00 AM (Next day)', 'Sat: 12:00 PM - 4:00 AM (Next day)', 'Sun: 12:00 PM - 4:00 AM (Next day)']",[],"500 W 145th StNew York, NY 10031"
"['Mon: 12:00 PM - 8:30 PM', 'Tue: Closed', 'Wed: 12:00 PM - 8:30 PM', 'Thu: 12:00 PM - 8:30 PM', 'Fri: 12:00 PM - 9:00 PM', 'Sat: 12:00 PM - 9:00 PM', 'Sun: 12:00 PM - 8:30 PM']","['Fried Clams', 'Fried Fish Tacos Plate', 'Rice Bowl Plate', 'Whoopie Pie', 'New England Clam Chowder', 'Classic Maine Lobster Roll', 'Grilled Octopus Plate', 'Fried Chicken Sandwich', 'The Perfect Storm', 'Salt Box Burger', 'Fried Calamari', 'Fried Shrimp']","19 Main StHastings on Hudson, NY 10706"
"['Mon: Open 24 hours', 'Tue: Open 24 hours', 'Wed: Open 24 hours', 'Thu: Open 24 hours', 'Fri: Open 24 hours', 'Sat: Open 24 hours', 'Sun: Open 24 hours']","['Pollo Con Arroz', 'Chicharron De Pollo Sin Hueso', 'Roasted Chicken', 'Tostones', 'Stewed Chicken', 'Camarofongo', 'Los Tres Golpes', 'Moro Negro']","3892 BroadwayNew York, NY 10032"
"['Mon: Closed', 'Tue: 10:00 AM - 8:00 PM', 'Wed: 10:00 AM - 8:00 PM', 'Thu: 10:00 AM - 8:00 PM', 'Fri: 10:00 AM - 8:00 PM', 'Sat: 10:00 AM - 8:00 PM', 'Sun: Closed']",[],"60-98 Harbor Island ParkMamaroneck, NY 10543"
"['Mon: Closed', 'Tue: 5:00 PM - 10:00 PM', 'Wed: 5:00 PM - 10:00 PM', 'Thu: 5:00 PM - 10:00 PM', 'Fri: 5:00 PM - 11:00 PM', 'Sat: 5:00 PM - 11:00 PM', 'Sun: 5:00 PM - 10:00 PM']",[],"1329 Willoughby AveBrooklyn, NY 11237"
"['Mon: Closed', 'Tue: 5:00 PM - 12:30 AM (Next day)', 'Wed: 5:00 PM - 12:30 AM (Next day)', 'Thu: 5:00 PM - 12:30 AM (Next day)', 'Fri: 5:00 PM - 12:30 AM (Next day)', 'Sat: 5:00 PM - 12:30 AM (Next day)', 'Sun: 5:00 PM - 12:30 AM (Next day)']",[],"338 W 46th StNew York, NY 10036"
[],[],"860 Melrose AveBronx, NY 10451"
"['Mon: 8:00 AM - 8:00 PM', 'Tue: 8:00 AM - 8:00 PM', 'Wed: 8:00 AM - 8:00 PM', 'Thu: 8:00 AM - 8:00 PM', 'Fri: 8:00 AM - 8:00 PM', 'Sat: 8:00 AM - 8:00 PM', 'Sun: 8:00 AM - 8:00 PM']","['Pan De Bono', 'Calentado', 'Pastel De Pollo Con Queso', 'Pastel Salento', 'Sopa De Pollo', 'Omelette']","2112 Amsterdam AveNew York, NY 10032"
"['Mon: 11:00 AM - 9:00 PM', 'Tue: 11:15 AM - 9:00 PM', 'Wed: 11:00 AM - 9:00 PM', 'Thu: 11:00 AM - 9:00 PM', 'Fri: 11:00 AM - 9:00 PM', 'Sat: 11:00 AM - 9:00 PM', 'Sun: 11:00 AM - 7:00 PM']","['Italian Dog', 'Memphis Dog', 'Taco Dog']","3398 E Tremont AveNew York, NY 10461"
"['Mon: 11:00 AM - 10:00 PM', 'Tue: 11:00 AM - 10:00 PM', 'Wed: 11:00 AM - 10:00 PM', 'Thu: 11:00 AM - 10:30 PM', 'Fri: 11:00 AM - 10:30 PM', 'Sat: 11:00 AM - 10:30 PM', 'Sun: 11:00 AM - 10:00 PM']",[],"2060 Mall WalkYonkers, NY 10704"
"['Mon: Closed', 'Tue: 11:00 AM - 10:00 PM', 'Wed: 11:00 AM - 10:00 PM', 'Thu: 11:00 AM - 10:00 PM', 'Fri: 11:00 AM - 10:00 PM', 'Sat: 11:00 AM - 10:00 PM', 'Sun: 12:00 PM - 10:00 PM']",[],"2515 Williamsbridge RdBronx, NY 10469"
[],[],"680 Morris Park AveBronx, NY 10462"
"['Mon: Closed', 'Tue: Closed', 'Wed: 3:00 PM - 12:00 AM (Next day)', 'Thu: 3:00 PM - 12:00 AM (Next day)', 'Fri: 3:00 PM - 2:00 AM (Next day)', 'Sat: 3:00 PM - 2:00 AM (Next day)', 'Sun: 3:00 PM - 2:00 AM (Next day)']","['Oysters', 'Avocado Toast', 'Pop Rancheros', 'Black Bean Burger', 'Italian Chicken Sandwich', 'Steak and Eggs', 'Chimi Sliders', 'Churros', 'Ceviche', 'Crispy Shrimps', 'Crostinis', 'Eggs Benedict', 'Lobster Roll', 'Turkey Meatballs']","200 Dyckman StNew York, NY 10040"
"['Mon: Closed', 'Tue: Closed', 'Wed: 5:00 PM - 11:00 PM', 'Thu: 5:00 PM - 11:00 PM', 'Fri: 5:00 PM - 11:00 PM', 'Sat: 5:00 PM - 11:00 PM', 'Sun: Closed']",[],"1113B Grant AveBronx, NY 10456"
[],[],"1357 16th StSte 2-1Fort Lee, NJ 07024"
"['Mon: 12:00 PM - 10:00 PM', 'Tue: 12:00 PM - 10:00 PM', 'Wed: 12:00 PM - 10:00 PM', 'Thu: 12:00 PM - 10:00 PM', 'Fri: 12:00 PM - 11:00 PM', 'Sat: 12:00 PM - 11:00 PM', 'Sun: 12:00 PM - 10:00 PM']","['Rice Cakes Noodles', 'Spicy Rice Cake', 'Spicy Pork', 'Pork Bun', 'Fried Chicken', 'Army Stew', 'Mushroom and Glass Noodles', 'Grilled Mackerel', 'Braised Mackerel', 'Kimchi Fried Rice', 'Grilled Beef Brisket', 'Hot Pot Bulgogi', 'Steamed Vegetable Dumplings', 'Hot Stone Pot', 'Beef Bulgogi Plate', 'Soft Tofu Stew', 'Pork Belly', 'Chicken Wings', 'Seafood Japchae', 'Spicy Seafood Ramen']","34-05 30th AveAstoria, NY 11103"
"['Mon: 11:30 AM - 10:30 PM', 'Tue: 11:30 AM - 10:30 PM', 'Wed: 11:30 AM - 10:30 PM', 'Thu: 11:30 AM - 10:30 PM', 'Fri: 11:30 AM - 11:30 PM', 'Sat: 11:30 AM - 11:30 PM', 'Sun: 11:30 AM - 10:30 PM']","['Pork Buns', 'Akamaru Modern Ramen', 'Spicy Ramen', 'Pork Belly', 'Shiromaru Hakata Classic', 'Hirata Buns', 'Chicken Buns', 'Seasonal Spicy Thin Noodle', 'Chicken Wings', 'Classic Ramen', 'Signature Thin Noodles', 'Ramen Noodles', 'Bakudan Spicy Paste', 'Fried Chicken', 'Poached Egg', 'Pork Chashu', 'Vegetarian Ramen', 'Ippudo Ramen', 'Ramen Bowls', 'Japanese Ramen']","321 W 51st StNew York, NY 10019"
"['Mon: 11:30 AM - 3:00 PM 5:00 PM - 9:00 PM', 'Tue: Closed', 'Wed: 11:30 AM - 3:00 PM 5:00 PM - 9:00 PM', 'Thu: 11:30 AM - 3:00 PM 5:00 PM - 9:00 PM', 'Fri: 11:30 AM - 3:00 PM 5:00 PM - 9:00 PM', 'Sat: 11:30 AM - 3:00 PM 5:00 PM - 9:00 PM', 'Sun: Closed']",[],"460 Livingston StNorwood, NJ 07648"
"['Mon: 11:00 AM - 10:00 PM', 'Tue: 11:00 AM - 10:00 PM', 'Wed: 11:00 AM - 10:00 PM', 'Thu: 11:00 AM - 10:30 PM', 'Fri: 11:00 AM - 10:30 PM', 'Sat: 11:00 AM - 10:30 PM', 'Sun: 11:00 AM - 10:00 PM']",[],"2060 Mall WalkYonkers, NY 10704"
"['Mon: Closed', 'Tue: 11:00 AM - 10:00 PM', 'Wed: 11:00 AM - 10:00 PM', 'Thu: 11:00 AM - 10:00 PM', 'Fri: 11:00 AM - 10:00 PM', 'Sat: 11:00 AM - 10:00 PM', 'Sun: 12:00 PM - 10:00 PM']",[],"2515 Williamsbridge RdBronx, NY 10469"
[],[],"680 Morris Park AveBronx, NY 10462"
[],[],"1357 16th StSte 2-1Fort Lee, NJ 07024"
"['Mon: 12:00 PM - 10:00 PM', 'Tue: 12:00 PM - 10:00 PM', 'Wed: 12:00 PM - 10:00 PM', 'Thu: 12:00 PM - 10:00 PM', 'Fri: 12:00 PM - 11:00 PM', 'Sat: 12:00 PM - 11:00 PM', 'Sun: 12:00 PM - 10:00 PM']","['Rice Cakes Noodles', 'Spicy Rice Cake', 'Spicy Pork', 'Pork Bun', 'Fried Chicken', 'Army Stew', 'Mushroom and Glass Noodles', 'Grilled Mackerel', 'Braised Mackerel', 'Kimchi Fried Rice', 'Grilled Beef Brisket', 'Hot Pot Bulgogi', 'Steamed Vegetable Dumplings', 'Hot Stone Pot', 'Beef Bulgogi Plate', 'Soft Tofu Stew', 'Pork Belly', 'Chicken Wings', 'Seafood Japchae', 'Spicy Seafood Ramen']","34-05 30th AveAstoria, NY 11103"
"['Mon: Closed', 'Tue: 5:00 PM - 11:00 PM', 'Wed: 5:00 PM - 11:00 PM', 'Thu: 5:00 PM - 11:00 PM', 'Fri: 5:00 PM - 11:00 PM', 'Sat: 1:00 PM - 11:00 PM', 'Sun: 12:00 PM - 10:00 PM']","['Croquetas', 'Zealand Skirt Steak', 'Baby Squid', 'Fried Goat', 'Pulpo Zarautz', 'Crquettas De Jamon']","2220 Frederick DouglasNew York, NY 10026"
"['Mon: 11:30 AM - 10:30 PM', 'Tue: 11:30 AM - 10:30 PM', 'Wed: 11:30 AM - 10:30 PM', 'Thu: 11:30 AM - 10:30 PM', 'Fri: 11:30 AM - 11:30 PM', 'Sat: 11:30 AM - 11:30 PM', 'Sun: 11:30 AM - 10:30 PM']","['Pork Buns', 'Akamaru Modern Ramen', 'Spicy Ramen', 'Pork Belly', 'Shiromaru Hakata Classic', 'Hirata Buns', 'Chicken Buns', 'Seasonal Spicy Thin Noodle', 'Chicken Wings', 'Classic Ramen', 'Signature Thin Noodles', 'Ramen Noodles', 'Bakudan Spicy Paste', 'Fried Chicken', 'Poached Egg', 'Pork Chashu', 'Vegetarian Ramen', 'Ippudo Ramen', 'Ramen Bowls', 'Japanese Ramen']","321 W 51st StNew York, NY 10019"
"['Mon: 11:30 AM - 3:00 PM 5:00 PM - 9:00 PM', 'Tue: Closed', 'Wed: 11:30 AM - 3:00 PM 5:00 PM - 9:00 PM', 'Thu: 11:30 AM - 3:00 PM 5:00 PM - 9:00 PM', 'Fri: 11:30 AM - 3:00 PM 5:00 PM - 9:00 PM', 'Sat: 11:30 AM - 3:00 PM 5:00 PM - 9:00 PM', 'Sun: Closed']",[],"460 Livingston StNorwood, NJ 07648"
"['Mon: 5:00 PM - 9:00 PM', 'Tue: 5:00 PM - 9:00 PM', 'Wed: 5:00 PM - 9:00 PM', 'Thu: 5:00 PM - 9:00 PM', 'Fri: 5:00 PM - 10:00 PM', 'Sat: 12:00 PM - 3:00 PM 5:00 PM - 10:00 PM', 'Sun: 12:00 PM - 3:00 PM 5:00 PM - 9:00 PM']","['Rice Cakes', 'Cacio E Pepe', 'Pork Belly', 'Popcorn Shrimp', 'Pork Shoulder', 'Sweet & Sour Ribs', 'Creekstone Short Rib', 'Sizzling Skirt Steak Ssam', 'Green Goddess Salad', 'King Salmon', 'Lettuce Wraps', 'American Country Ham', 'Spicy Pork Sausage Ragu', 'Sizzling Bavette Steak', 'Shrimp Toast', 'Crispy Fish Ssam', 'Snap Pea & Portobello Crispy Rice', 'Grilled Asparagus', 'Spicy Scallop Kimbap', 'Johnny Cakes']","89 South StPier 17New York, NY 10038"
"['Mon: Closed', 'Tue: 11:30 AM - 10:30 PM', 'Wed: 11:30 AM - 10:30 PM', 'Thu: 11:30 AM - 10:30 PM', 'Fri: 11:30 AM - 10:30 PM', 'Sat: 11:30 AM - 10:30 PM', 'Sun: 11:30 AM - 10:30 PM']",[],"124 Main StFort Lee, NJ 07024"
[],[],"1003 East 163rd StBronx, NY 10459"
[],[],"25 E 170th StBronx, NY 10452"
"['Mon: 11:00 AM - 9:30 PM', 'Tue: 11:00 AM - 9:30 PM', 'Wed: 11:00 AM - 9:30 PM', 'Thu: 11:00 AM - 11:00 PM', 'Fri: 11:00 AM - 11:00 PM', 'Sat: 11:00 AM - 11:00 PM', 'Sun: 11:00 AM - 9:30 PM']","['Chicken Quesadilla', 'Soft Chicken Tacos', 'Steak Quesadilla', 'Torta', 'Grilled Chicken Salad', 'Taco Salad', 'Chicken Fajita Taquitos']","837 Washington AveBronx, NY 10451"
"['Mon: 11:30 AM - 10:00 PM', 'Tue: 11:30 AM - 10:00 PM', 'Wed: 11:30 AM - 10:00 PM', 'Thu: 11:30 AM - 10:00 PM', 'Fri: 11:30 AM - 10:00 PM', 'Sat: 12:00 PM - 10:00 PM', 'Sun: 12:00 PM - 9:00 PM']","['Fried Chicken and Waffles', 'Totchos', '6 Fried Ravioli', 'Spoon Salad', 'South West Cobb Salad']","16 Division StNew Rochelle, NY 10801"
"['Mon: 8:00 AM - 9:00 PM', 'Tue: 8:00 AM - 9:00 PM', 'Wed: 8:00 AM - 9:00 PM', 'Thu: 8:00 AM - 9:00 PM', 'Fri: 8:00 AM - 9:00 PM', 'Sat: 8:00 AM - 9:00 PM', 'Sun: 8:00 AM - 9:00 PM']",[],"50 E Fordham RdBronx, NY 10468"
"['Mon: 11:00 AM - 9:00 PM', 'Tue: 11:00 AM - 9:00 PM', 'Wed: 11:00 AM - 9:00 PM', 'Thu: 11:00 AM - 9:00 PM', 'Fri: 11:00 AM - 9:00 PM', 'Sat: 11:00 AM - 9:00 PM', 'Sun: 12:00 PM - 8:00 PM']",[],"3048 Buhre AveBronx, NY 10461"
"['Mon: 5:00 PM - 9:45 PM', 'Tue: 5:00 PM - 9:45 PM', 'Wed: 5:00 PM - 9:45 PM', 'Thu: 5:00 PM - 9:45 PM', 'Fri: 4:30 PM - 8:45 PM', 'Sat: 12:00 PM - 8:45 PM', 'Sun: 12:00 PM - 8:45 PM']","['Burrata Salad', 'The Bad Bhoney', 'Orange Crush', ""Chef's Seasonal Salad"", 'Tipsy Dog', 'Crispy Chicken Trapwich']","121 Myrtle BlvdLarchmont, NY 10538"
"['Mon: 11:45 AM - 2:45 PM 5:00 PM - 10:00 PM', 'Tue: 11:45 AM - 2:45 PM 5:00 PM - 10:00 PM', 'Wed: 11:45 AM - 2:45 PM 5:00 PM - 10:00 PM', 'Thu: 11:45 AM - 2:45 PM 5:00 PM - 10:00 PM', 'Fri: 11:45 AM - 2:45 PM 4:00 PM - 11:00 PM', 'Sat: 11:15 AM - 11:00 PM', 'Sun: 11:15 AM - 9:00 PM']",[],"1 River StHastings-On-Hudson, NY 10706"
"['Mon: 5:00 PM - 12:00 AM (Next day)', 'Tue: 5:00 PM - 12:00 AM (Next day)', 'Wed: 5:00 PM - 12:00 AM (Next day)', 'Thu: 5:00 PM - 12:00 AM (Next day)', 'Fri: 5:00 PM - 2:00 AM (Next day)', 'Sat: 5:00 PM - 2:00 AM (Next day)', 'Sun: 5:00 PM - 12:00 AM (Next day)']","['Grilled Beef Tongue', 'Takoyaki', 'Motsu-ni', 'Beef Curry Rice with Deep Fried Pork Cutlet', 'Grilled Dried Squid', 'Rainbow Roll', 'Pork Rib Yakitori 3pc', 'Snapper Sashimi 5pc']","358 W 46th StNew York, NY 10036"
"['Mon: 6:00 AM - 9:00 PM', 'Tue: 6:00 AM - 9:00 PM', 'Wed: 6:00 AM - 9:00 PM', 'Thu: 6:00 AM - 9:00 PM', 'Fri: 6:00 AM - 9:00 PM', 'Sat: 6:00 AM - 9:00 PM', 'Sun: 7:00 AM - 9:00 PM']",[],"232 Willis AveBronx, NY 10454"
"['Mon: 6:00 AM - 9:00 PM', 'Tue: 6:00 AM - 9:00 PM', 'Wed: 6:00 AM - 9:00 PM', 'Thu: 6:00 AM - 9:00 PM', 'Fri: 6:00 AM - 9:00 PM', 'Sat: 6:00 AM - 9:00 PM', 'Sun: 7:00 AM - 9:00 PM']",[],"232 Willis AveBronx, NY 10454"
"['Mon: 11:30 AM - 10:00 PM', 'Tue: Closed', 'Wed: 11:30 AM - 10:00 PM', 'Thu: 11:30 AM - 10:00 PM', 'Fri: 11:30 AM - 10:00 PM', 'Sat: 11:30 AM - 10:00 PM', 'Sun: 11:30 AM - 10:00 PM']",[],"67-17 Woodside AveQueens, NY 11377"
"['Mon: 11:00 AM - 2:00 AM (Next day)', 'Tue: 11:00 AM - 2:00 AM (Next day)', 'Wed: 11:00 AM - 2:00 AM (Next day)', 'Thu: 11:00 AM - 2:00 AM (Next day)', 'Fri: 11:00 AM - 2:00 AM (Next day)', 'Sat: 11:00 AM - 2:00 AM (Next day)', 'Sun: 11:00 AM - 2:00 AM (Next day)']","['Buffalo Chicken Wrap', 'Skirt Steak Sandwich', 'Chicken Marsala', 'Chicken Parmigiana']","50 Pennyfield AveBronx, NY 10465"
"['Mon: 8:00 AM - 11:00 PM', 'Tue: Closed', 'Wed: 8:00 AM - 11:00 PM', 'Thu: 8:00 AM - 11:00 PM', 'Fri: 8:00 AM - 11:00 PM', 'Sat: 8:00 AM - 12:00 AM (Next day)', 'Sun: 12:00 PM - 10:00 PM']",[],"2339 Arthur AveWest Bronx, NY 10458"
"['Mon: 4:00 PM - 10:00 PM', 'Tue: 4:00 PM - 10:00 PM', 'Wed: 4:00 PM - 10:00 PM', 'Thu: 4:00 PM - 10:00 PM', 'Fri: 4:00 PM - 10:00 PM', 'Sat: 4:00 PM - 10:00 PM', 'Sun: 4:00 PM - 9:00 PM']","['Croquetas', 'Patatas Bravas', 'Churros', 'Pulpo a La Gallega', 'Apple Galette', 'Pollo Rustido', 'Aceitunas', 'Artichoke Heart Salad', 'Pimientos De Padron', 'Beef Carpaccio', 'Grilled Octopus', 'Flan', 'Escalivada']","106 Main StTuckahoe, NY 10707"
"['Mon: Closed', 'Tue: 12:00 PM - 3:30 PM 5:30 PM - 10:00 PM', 'Wed: 12:00 PM - 3:30 PM 5:30 PM - 10:00 PM', 'Thu: 12:00 PM - 3:30 PM 5:30 PM - 10:00 PM', 'Fri: 12:00 PM - 3:30 PM 5:30 PM - 10:00 PM', 'Sat: 11:30 AM - 3:30 PM 5:30 PM - 10:00 PM', 'Sun: 11:30 AM - 9:15 PM']","['Pad Thai', 'Dumplings', 'Spicy Chicken Leg Chiang May Noodles', 'Fried Chive Cakes', 'Pineapple Fried Rice', 'Spicy Five Spice Pork Belly Noodle Soup', 'Pad Kee Mao', 'Panang Curry', 'In Honor of the King', 'Honey Pork Slider', 'Five Spice Pork', 'Green Curry', 'Red Curry', 'Pad Sieew', 'Sweet Sausage Fried Rice', 'Tom Yum Soup', 'Bamee Hang', 'Kai Yang', 'Som Tum Kai Kem', 'Ped Panang']","27 Cliff StNew York, NY 10038"
"['Mon: 12:00 PM - 10:00 PM', 'Tue: 12:00 PM - 10:00 PM', 'Wed: 12:00 PM - 10:00 PM', 'Thu: 12:00 PM - 10:00 PM', 'Fri: 12:00 PM - 11:00 PM', 'Sat: 12:00 PM - 11:00 PM', 'Sun: 12:00 PM - 9:00 PM']","['Sergio', 'Bread Basket', 'Filet Mignon', 'Veal Chop', 'Pork Chop', 'Lobster Tails', 'Baby Artichokes', 'Penne Alla Vodka', 'Chicken Diavola', 'Chicken Fino', 'Caesar Salad', 'Shrimp Linguine', 'Swordfish']","25 S Regent StPort Chester, NY 10573"
[],[],"1715 Webster AveBronx, NY 10457"
"['Mon: 9:00 AM - 9:00 PM', 'Tue: 9:00 AM - 9:00 PM', 'Wed: 9:00 AM - 9:00 PM', 'Thu: 9:00 AM - 9:00 PM', 'Fri: 9:00 AM - 9:00 PM', 'Sat: 9:00 AM - 9:00 PM', 'Sun: 9:00 AM - 9:00 PM']","['Golden Lava French Toast', 'Hong Kong', 'Pork Chop', 'Fried Chicken Wings', 'Salted Egg Squid Shrimp', 'Jeff Instant Noodles', 'Egg Yolk Fried Rice', 'Salted Duck Egg Fried Rice', 'Curry Fish', 'Satay Beef Noodle Soup', 'Baked Fried Rice', 'Portuguese Chicken Spaghetti', 'Pineapple Bun', 'Salt and Pepper Fried Chicken', 'Pan Fried Noodles', 'Shark Fin Soup', 'Xo Sauce Fried Instant Noodle', 'Beef Chow Fun', 'Salt and Pepper Squid', 'Baked Rice Spaghetti']","42-35 Main StSte 1AQueens, NY 11355"
"['Mon: Open 24 hours', 'Tue: Open 24 hours', 'Wed: Open 24 hours', 'Thu: Open 24 hours', 'Fri: Open 24 hours', 'Sat: Open 24 hours', 'Sun: Open 24 hours']","['Turkey Sausage', 'Irish Breakfast', 'Burger Deluxe']","189 W 231st StBronx, NY 10463"
[],[],"1715 Webster AveBronx, NY 10457"
"['Mon: 9:00 AM - 9:00 PM', 'Tue: 9:00 AM - 9:00 PM', 'Wed: 9:00 AM - 9:00 PM', 'Thu: 9:00 AM - 9:00 PM', 'Fri: 9:00 AM - 9:00 PM', 'Sat: 9:00 AM - 9:00 PM', 'Sun: 9:00 AM - 9:00 PM']","['Golden Lava French Toast', 'Hong Kong', 'Pork Chop', 'Fried Chicken Wings', 'Salted Egg Squid Shrimp', 'Jeff Instant Noodles', 'Egg Yolk Fried Rice', 'Salted Duck Egg Fried Rice', 'Curry Fish', 'Satay Beef Noodle Soup', 'Baked Fried Rice', 'Portuguese Chicken Spaghetti', 'Pineapple Bun', 'Salt and Pepper Fried Chicken', 'Pan Fried Noodles', 'Shark Fin Soup', 'Xo Sauce Fried Instant Noodle', 'Beef Chow Fun', 'Salt and Pepper Squid', 'Baked Rice Spaghetti']","42-35 Main StSte 1AQueens, NY 11355"
"['Mon: Open 24 hours', 'Tue: Open 24 hours', 'Wed: Open 24 hours', 'Thu: Open 24 hours', 'Fri: Open 24 hours', 'Sat: Open 24 hours', 'Sun: Open 24 hours']","['Turkey Sausage', 'Irish Breakfast', 'Burger Deluxe']","189 W 231st StBronx, NY 10463"
"['Mon: 8:00 AM - 12:00 AM (Next day)', 'Tue: 8:00 AM - 12:00 AM (Next day)', 'Wed: 8:00 AM - 12:00 AM (Next day)', 'Thu: 8:00 AM - 12:00 AM (Next day)', 'Fri: 8:00 AM - 12:00 AM (Next day)', 'Sat: 10:00 AM - 12:00 AM (Next day)', 'Sun: 10:00 AM - 12:00 AM (Next day)']","['Steak Frites', 'Steak Tartare', 'Wagyu Burger', 'Profiteroles', 'Filet Mignon Au Poivre', 'Madame', 'Le Croque Madame', 'Eggs Benedict']","145 W 53rd StNew York, NY 10019"
[],[],"408 S Main StManhattan, NY 10044"
[],[],"34-75 110th StQueens, NY 11368"
"['Mon: 4:00 PM - 11:00 PM', 'Tue: 4:00 PM - 11:00 PM', 'Wed: 4:00 PM - 11:00 PM', 'Thu: 4:00 PM - 11:00 PM', 'Fri: 4:00 PM - 1:00 AM (Next day)', 'Sat: 11:30 AM - 3:30 PM 5:00 PM - 1:00 AM (Next day)', 'Sun: 11:30 AM - 3:30 PM 4:00 PM - 10:00 PM']","['Wagyu Skirt Steak', 'Tuna Rice Cake', 'Nori Tacos', 'Spicy Tuna', 'Mixed Emotions', 'Branzino', 'Lobster Fra Diavolo', 'Filet Mignon', 'Voodoo Doll', 'Lincoln Harbor Roll', 'Weehawken Roll', 'Big Eye Tuna Crudo', 'Octopus', 'Beachless City', 'Truffle Rainbow Naruto Roll', 'Crispy Cauliflower', 'Gemelli', 'Veal Parm', 'Burrata', 'Spring Panna Cotta']","1200 Harbor BlvdWeehawken, NJ 07086"
"['Mon: Closed', 'Tue: 12:00 PM - 8:00 PM', 'Wed: 12:00 PM - 8:00 PM', 'Thu: 12:00 PM - 8:00 PM', 'Fri: 12:00 PM - 9:00 PM', 'Sat: 12:00 PM - 9:00 PM', 'Sun: Closed']","['Fried Chicken Sando', 'Gf Kimchi Jambalaya', 'Tomato Kimchi Salad with Shrimp', 'Soy Marinated Eggs & Cracklin', 'Cracklin', 'Seafood Jjajangmyun', 'Chicken Liver Pate & Persimmon', 'Tue- Frikjun Galbi Smashburger & Honey Butter Chips', 'Cast Iron-baked Cornbread', 'Honey Brown Butter Chips']","154 E 39th StNew York, NY 10016"
[],[],"1841 Westchester AveThe Bronx, NY 10472"
"['Mon: 11:00 AM - 4:00 AM (Next day)', 'Tue: 11:00 AM - 4:00 AM (Next day)', 'Wed: 11:00 AM - 4:00 AM (Next day)', 'Thu: 11:00 AM - 4:00 AM (Next day)', 'Fri: 11:00 AM - 4:00 AM (Next day)', 'Sat: 11:00 AM - 4:00 AM (Next day)', 'Sun: 11:00 AM - 4:00 AM (Next day)']",[],"880 Gerard AveBronx, NY 10452"
"['Mon: 11:30 AM - 11:00 PM', 'Tue: 11:30 AM - 11:00 PM', 'Wed: 11:30 AM - 11:00 PM', 'Thu: 11:30 AM - 11:00 PM', 'Fri: 11:30 AM - 11:00 PM', 'Sat: 11:30 AM - 11:00 PM', 'Sun: 11:30 AM - 11:00 PM']","['Cacio E Pepe', 'Green Tagliatelle', 'Tagliatelle Verdi Con Ragu Di Cinghiale Alle Erbe E Tartufo', 'Pappardelle Ai Funghi Porcini', 'Pacchero Ai Tre Crostacei', 'Maccheroni Alla Norma', 'Cannolis', 'Grilled Calamari', 'Seafood Pasta', 'Porcini Mushrooms', 'Sicilian', 'Fusilloni Di Gragnano Scampi', 'Ossobuco Ravioli', 'Fritto Misto', 'Panna Cotta', 'Arancini Catanesi', 'White', 'Eggplant Parmigiana', 'Gelato', 'Fonduta Di Pecorino']","106 E 60th StNew York, NY 10022"
[],[],"2023 Amsterdam AveNew York, NY 10032"
"['Mon: Closed', 'Tue: Closed', 'Wed: 4:00 PM - 11:00 PM', 'Thu: 4:00 PM - 11:00 PM', 'Fri: 4:00 PM - 12:00 AM (Next day)', 'Sat: 4:00 PM - 12:00 AM (Next day)', 'Sun: 11:00 AM - 11:00 PM']","['Arroz Con Pollo Classic', 'Empanadas', 'Ropa Vieja Classic', 'Churrasco', 'Pulpo']","811 McLean AveYonkers, NY 10704"
"['Mon: 12:00 PM - 10:00 PM', 'Tue: 12:00 PM - 10:00 PM', 'Wed: 12:00 PM - 10:00 PM', 'Thu: 12:00 PM - 10:00 PM', 'Fri: 12:00 PM - 10:00 PM', 'Sat: 12:00 PM - 10:00 PM', 'Sun: Closed']",[],"154E 109th StNew York, NY 10029"
"['Mon: Closed', 'Tue: Closed', 'Wed: 5:30 PM - 10:00 PM', 'Thu: 5:30 PM - 10:00 PM', 'Fri: 5:30 PM - 10:00 PM', 'Sat: 5:30 PM - 10:00 PM', 'Sun: 5:30 PM - 10:00 PM']","['Pan Con Tomate', 'Patatas Bravas', 'Croquettes', 'Gambas Al Ajillo', 'Meatballs', 'Churros']","260 Mamaroneck AveMamaroneck, NY 10543"
"['Mon: 10:00 AM - 4:00 AM (Next day)', 'Tue: 10:00 AM - 4:00 AM (Next day)', 'Wed: 10:00 AM - 4:00 AM (Next day)', 'Thu: 10:00 AM - 4:00 AM (Next day)', 'Fri: 10:00 AM - 4:00 AM (Next day)', 'Sat: 10:00 AM - 4:00 AM (Next day)', 'Sun: 11:00 AM - 4:00 AM (Next day)']","['Thai Chili Wings', 'Cheeseburger', 'Barrel Jack', 'Buffalo Calamari']","2634 E Tremont AveBronx, NY 10461"
"['Mon: 11:00 AM - 9:00 PM', 'Tue: 11:00 AM - 9:00 PM', 'Wed: 11:00 AM - 9:00 PM', 'Thu: 11:00 AM - 9:00 PM', 'Fri: 11:00 AM - 9:00 PM', 'Sat: 11:00 AM - 9:00 PM', 'Sun: 12:00 PM - 8:30 PM']","['Bento Boxes', 'Chicken Teriyaki', 'California Rolls', 'Dumplings', 'Shrimp Teriyaki']","815 Hutchinson River PkwySpace B-135Bronx, NY 10465"
"['Mon: 12:00 PM - 2:30 PM 5:00 PM - 9:30 PM', 'Tue: 12:00 PM - 2:30 PM 5:00 PM - 9:30 PM', 'Wed: 12:00 PM - 2:30 PM 5:00 PM - 9:30 PM', 'Thu: 12:00 PM - 2:30 PM 5:00 PM - 9:30 PM', 'Fri: 12:00 PM - 2:30 PM 5:00 PM - 10:30 PM', 'Sat: 12:00 PM - 2:30 PM 5:00 PM - 10:30 PM', 'Sun: 12:00 PM - 2:30 PM 5:00 PM - 9:30 PM']","['Omu Soba', 'Mew Special Roll', 'Kimchi Udon', 'Salmon Sashimi Tacos', 'Fried Chicken', 'Yellowtail Carpaccio', 'Garlic Fried Rice', 'Soba Noodles Wrapped', 'Udon Noodles', 'Pork Belly', 'Dynamite Roll', 'Black Dragon Roll', 'Miso Ramen', 'Volcano Roll', 'Fried Octopus', 'Tuna Tataki', 'Super Mew Roll', 'Seared Salmon Sushi', 'Creamy Udon', 'Takoyaki Kara Age']","53 W 35th StNew York, NY 10001"
[],[],"1687 Macombs RdThe Bronx, NY 10453"
"['Mon: 11:00 AM - 10:00 PM', 'Tue: 11:00 AM - 10:00 PM', 'Wed: 11:00 AM - 10:00 PM', 'Thu: 11:00 AM - 10:00 PM', 'Fri: 11:00 AM - 10:30 PM', 'Sat: 11:00 AM - 10:30 PM', 'Sun: 11:00 AM - 10:00 PM']",[],"5225 BroadwayBronx , NY 10463"
"['Mon: 7:00 AM - 8:00 PM', 'Tue: 7:00 AM - 8:00 PM', 'Wed: 7:00 AM - 8:00 PM', 'Thu: 7:00 AM - 8:00 PM', 'Fri: 7:00 AM - 8:00 PM', 'Sat: 7:00 AM - 8:00 PM', 'Sun: 7:00 AM - 8:00 PM']","['Cheeseburger', 'Scrambled Egg Sandwich', 'Grilled Chicken', 'Chicken Fingers']","58 Metropolitan OvalBronx, NY 10462"
"['Mon: 5:00 PM - 11:00 PM', 'Tue: 5:00 PM - 11:00 PM', 'Wed: 5:00 PM - 11:00 PM', 'Thu: 5:00 PM - 11:00 PM', 'Fri: 5:00 PM - 12:00 AM (Next day)', 'Sat: 5:00 PM - 12:00 AM (Next day)', 'Sun: 5:00 PM - 11:00 PM']","['Fennel Salad', 'Frena', 'Baba Ganoush', 'Mushroom Shawarma', 'Lamb Neck', 'Chicken Musakhan', 'Dumplings', 'Kreplach', 'Ktzitzot', 'Grilled Octopus', 'Knafeh', 'Gazoz']","353 Bedford AveBrooklyn, NY 11211"
"['Mon: 11:30 AM - 9:30 PM', 'Tue: 11:30 AM - 9:30 PM', 'Wed: 11:30 AM - 9:30 PM', 'Thu: 11:30 AM - 9:30 PM', 'Fri: 11:30 AM - 9:30 PM', 'Sat: 12:00 PM - 9:30 PM', 'Sun: 12:00 PM - 9:30 PM']",[],"80 Nassau StNew York, NY 10038"
"['Mon: 11:30 AM - 11:00 PM', 'Tue: 11:30 AM - 11:00 PM', 'Wed: 11:30 AM - 11:00 PM', 'Thu: 11:30 AM - 11:00 PM', 'Fri: 11:30 AM - 11:00 PM', 'Sat: 11:30 AM - 11:00 PM', 'Sun: 11:30 AM - 11:00 PM']","['Cacio E Pepe', 'Green Tagliatelle', 'Tagliatelle Verdi Con Ragu Di Cinghiale Alle Erbe E Tartufo', 'Pappardelle Ai Funghi Porcini', 'Pacchero Ai Tre Crostacei', 'Maccheroni Alla Norma', 'Cannolis', 'Grilled Calamari', 'Seafood Pasta', 'Porcini Mushrooms', 'Sicilian', 'Fusilloni Di Gragnano Scampi', 'Ossobuco Ravioli', 'Fritto Misto', 'Panna Cotta', 'Arancini Catanesi', 'White', 'Eggplant Parmigiana', 'Gelato', 'Fonduta Di Pecorino']","106 E 60th StNew York, NY 10022"
"['Mon: Closed', 'Tue: Closed', 'Wed: 4:00 PM - 11:00 PM', 'Thu: 4:00 PM - 11:00 PM', 'Fri: 4:00 PM - 12:00 AM (Next day)', 'Sat: 4:00 PM - 12:00 AM (Next day)', 'Sun: 11:00 AM - 11:00 PM']","['Arroz Con Pollo Classic', 'Empanadas', 'Ropa Vieja Classic', 'Churrasco', 'Pulpo']","811 McLean AveYonkers, NY 10704"
"['Mon: 12:00 PM - 10:00 PM', 'Tue: 12:00 PM - 10:00 PM', 'Wed: 12:00 PM - 10:00 PM', 'Thu: 12:00 PM - 10:00 PM', 'Fri: 12:00 PM - 10:00 PM', 'Sat: 12:00 PM - 10:00 PM', 'Sun: Closed']",[],"154E 109th StNew York, NY 10029"
"['Mon: Closed', 'Tue: Closed', 'Wed: 5:30 PM - 10:00 PM', 'Thu: 5:30 PM - 10:00 PM', 'Fri: 5:30 PM - 10:00 PM', 'Sat: 5:30 PM - 10:00 PM', 'Sun: 5:30 PM - 10:00 PM']","['Pan Con Tomate', 'Patatas Bravas', 'Croquettes', 'Gambas Al Ajillo', 'Meatballs', 'Churros']","260 Mamaroneck AveMamaroneck, NY 10543"
"['Mon: 10:00 AM - 4:00 AM (Next day)', 'Tue: 10:00 AM - 4:00 AM (Next day)', 'Wed: 10:00 AM - 4:00 AM (Next day)', 'Thu: 10:00 AM - 4:00 AM (Next day)', 'Fri: 10:00 AM - 4:00 AM (Next day)', 'Sat: 10:00 AM - 4:00 AM (Next day)', 'Sun: 11:00 AM - 4:00 AM (Next day)']","['Thai Chili Wings', 'Cheeseburger', 'Barrel Jack', 'Buffalo Calamari']","2634 E Tremont AveBronx, NY 10461"
"['Mon: 11:30 AM - 3:15 PM 4:00 PM - 9:00 PM', 'Tue: 11:30 AM - 3:15 PM 4:00 PM - 9:00 PM', 'Wed: 11:30 AM - 3:15 PM 4:00 PM - 9:00 PM', 'Thu: 11:30 AM - 3:15 PM 4:00 PM - 9:00 PM', 'Fri: 11:30 AM - 3:15 PM 4:00 PM - 9:00 PM', 'Sat: 11:30 AM - 3:15 PM 4:00 PM - 9:00 PM', 'Sun: 11:30 AM - 3:15 PM 4:00 PM - 9:00 PM']","['Margherita Pizza', 'White Pizza', 'Brookie Bridge', 'Calzone']","19 Old Fulton StBrooklyn, NY 11201"
"['Mon: 11:00 AM - 9:00 PM', 'Tue: 11:00 AM - 9:00 PM', 'Wed: 11:00 AM - 9:00 PM', 'Thu: 11:00 AM - 9:00 PM', 'Fri: 11:00 AM - 9:00 PM', 'Sat: 11:00 AM - 9:00 PM', 'Sun: 12:00 PM - 8:30 PM']","['Bento Boxes', 'Chicken Teriyaki', 'California Rolls', 'Dumplings', 'Shrimp Teriyaki']","815 Hutchinson River PkwySpace B-135Bronx, NY 10465"
"['Mon: 11:00 AM - 10:00 PM', 'Tue: 11:00 AM - 10:00 PM', 'Wed: 11:00 AM - 10:00 PM', 'Thu: 11:00 AM - 10:00 PM', 'Fri: 11:00 AM - 10:30 PM', 'Sat: 11:00 AM - 10:30 PM', 'Sun: 11:00 AM - 10:00 PM']",[],"5225 BroadwayBronx , NY 10463"
"['Mon: 11:00 AM - 10:00 PM', 'Tue: 11:00 AM - 10:00 PM', 'Wed: 11:00 AM - 10:00 PM', 'Thu: 11:00 AM - 10:00 PM', 'Fri: 11:00 AM - 10:00 PM', 'Sat: 11:00 AM - 10:00 PM', 'Sun: 11:00 AM - 10:00 PM']",[],"57 E Tremont AveBronx, NY 10453"
"['Mon: 6:00 AM - 5:30 AM (Next day)', 'Tue: 6:00 AM - 5:30 AM (Next day)', 'Wed: 6:00 AM - 5:30 AM (Next day)', 'Thu: 6:00 AM - 5:30 AM (Next day)', 'Fri: 6:00 AM - 5:30 AM (Next day)', 'Sat: 6:00 AM - 5:30 AM (Next day)', 'Sun: 6:00 AM - 5:30 AM (Next day)']","['Fried Chicken', 'Oxtail', 'Jerk Chicken with Roti']","3357 Fish AveBronx, NY 10469"
[],[],"1049 Manhattan AveBrooklyn, NY 11222"
"['Mon: 8:00 AM - 9:00 PM', 'Tue: 8:00 AM - 9:00 PM', 'Wed: 8:00 AM - 9:00 PM', 'Thu: 8:00 AM - 9:00 PM', 'Fri: 8:00 AM - 10:00 PM', 'Sat: 8:00 AM - 10:00 PM', 'Sun: 8:00 AM - 9:00 PM']","['Golden Lava French Toast', 'Fried Chicken Wings', 'Salty Duck Egg with Jumbo Shrimps Fried Rice', 'Curry Fish Fillet Over Rice', 'Beef Chow Fun', 'Baked Fried Rice with Pork Chop', 'Xo Sauce Fried Instant Noodle with Pork Chops', 'Tom Yum Fried Instant Noodles with Seafood', 'Special Ovaltine French Toast', 'Classic Soy Sauce Pan Fried Noodles', 'Salt and Pepper Fried Squid', 'Crispy Fried Egg Noodles with Seafood', 'Imitation Shark Fin Soup', 'Satay Beef Noodle Soup', 'Baked Fried Rice with Chicken Chop', 'Fried Buns', 'Fried Shrimp with Mayo', 'Beef Macaroni in Tomato Soup', 'Spam and Egg Noodle Soup', 'Condensed Milk Peanut Butter Toast']","65 Bayard StNew York, NY 10013"
[],[],"168TH St And BroadwayManhattan, NY 10032"
"['Mon: 6:00 AM - 10:00 PM', 'Tue: 6:00 AM - 10:00 PM', 'Wed: 6:00 AM - 10:00 PM', 'Thu: 6:00 AM - 10:00 PM', 'Fri: 6:00 AM - 10:00 PM', 'Sat: 6:00 AM - 10:00 PM', 'Sun: 6:00 AM - 10:00 PM']",[],"2365 Westchester AveEast Bronx, NY 10462"
"['Mon: 12:00 PM - 10:00 PM', 'Tue: 12:00 PM - 10:00 PM', 'Wed: 12:00 PM - 10:00 PM', 'Thu: 12:00 PM - 10:00 PM', 'Fri: 12:00 PM - 10:00 PM', 'Sat: 12:00 PM - 10:00 PM', 'Sun: 12:00 PM - 10:00 PM']",[],"239 Bedford Park BlvdBronx, NY 10458"
"['Mon: 9:00 AM - 3:30 PM', 'Tue: 7:30 AM - 3:30 PM', 'Wed: 7:30 AM - 3:30 PM', 'Thu: 7:30 AM - 3:30 PM', 'Fri: 7:30 AM - 3:30 PM', 'Sat: 8:30 AM - 3:00 PM', 'Sun: 8:30 AM - 3:00 PM']","['Avocado Toast', 'Almond Croissant', 'French Toast', 'Breakfast Sandwiches']","410 W 145th StNew York, NY 10031"
"['Mon: 6:00 AM - 5:30 AM (Next day)', 'Tue: 6:00 AM - 5:30 AM (Next day)', 'Wed: 6:00 AM - 5:30 AM (Next day)', 'Thu: 6:00 AM - 5:30 AM (Next day)', 'Fri: 6:00 AM - 5:30 AM (Next day)', 'Sat: 6:00 AM - 5:30 AM (Next day)', 'Sun: 6:00 AM - 5:30 AM (Next day)']","['Fried Chicken', 'Oxtail', 'Jerk Chicken with Roti']","3357 Fish AveBronx, NY 10469"
[],[],"1049 Manhattan AveBrooklyn, NY 11222"
"['Mon: 8:00 AM - 9:00 PM', 'Tue: 8:00 AM - 9:00 PM', 'Wed: 8:00 AM - 9:00 PM', 'Thu: 8:00 AM - 9:00 PM', 'Fri: 8:00 AM - 10:00 PM', 'Sat: 8:00 AM - 10:00 PM', 'Sun: 8:00 AM - 9:00 PM']","['Golden Lava French Toast', 'Fried Chicken Wings', 'Salty Duck Egg with Jumbo Shrimps Fried Rice', 'Curry Fish Fillet Over Rice', 'Beef Chow Fun', 'Baked Fried Rice with Pork Chop', 'Xo Sauce Fried Instant Noodle with Pork Chops', 'Tom Yum Fried Instant Noodles with Seafood', 'Special Ovaltine French Toast', 'Classic Soy Sauce Pan Fried Noodles', 'Salt and Pepper Fried Squid', 'Crispy Fried Egg Noodles with Seafood', 'Imitation Shark Fin Soup', 'Satay Beef Noodle Soup', 'Baked Fried Rice with Chicken Chop', 'Fried Buns', 'Fried Shrimp with Mayo', 'Beef Macaroni in Tomato Soup', 'Spam and Egg Noodle Soup', 'Condensed Milk Peanut Butter Toast']","65 Bayard StNew York, NY 10013"
[],[],"168TH St And BroadwayManhattan, NY 10032"
"['Mon: 6:00 AM - 10:00 PM', 'Tue: 6:00 AM - 10:00 PM', 'Wed: 6:00 AM - 10:00 PM', 'Thu: 6:00 AM - 10:00 PM', 'Fri: 6:00 AM - 10:00 PM', 'Sat: 6:00 AM - 10:00 PM', 'Sun: 6:00 AM - 10:00 PM']",[],"2365 Westchester AveEast Bronx, NY 10462"
"['Mon: 12:00 PM - 10:00 PM', 'Tue: 12:00 PM - 10:00 PM', 'Wed: 12:00 PM - 10:00 PM', 'Thu: 12:00 PM - 10:00 PM', 'Fri: 12:00 PM - 10:00 PM', 'Sat: 12:00 PM - 10:00 PM', 'Sun: 12:00 PM - 10:00 PM']",[],"239 Bedford Park BlvdBronx, NY 10458"
"['Mon: 9:00 AM - 3:30 PM', 'Tue: 7:30 AM - 3:30 PM', 'Wed: 7:30 AM - 3:30 PM', 'Thu: 7:30 AM - 3:30 PM', 'Fri: 7:30 AM - 3:30 PM', 'Sat: 8:30 AM - 3:00 PM', 'Sun: 8:30 AM - 3:00 PM']","['Avocado Toast', 'Almond Croissant', 'French Toast', 'Breakfast Sandwiches']","410 W 145th StNew York, NY 10031"
"['Mon: Closed', 'Tue: 3:00 PM - 9:00 PM', 'Wed: 3:00 PM - 9:00 PM', 'Thu: 3:00 PM - 9:30 PM', 'Fri: 3:00 PM - 10:30 PM', 'Sat: 12:00 PM - 10:30 PM', 'Sun: 12:00 PM - 9:00 PM']","['Lobster Roll', 'Cajun Shrimp Tacos', 'Fish Tacos', 'Chicken Sandwich', 'Buffalo Wings', 'Shrimp Skewers', 'Duck Duck', 'Baylander Burger', 'Veggie Burger', 'Jumbo Pretzel', 'Guac and Chips']","125th St W Harlem PiersHudson River GreenwayNew York, NY 10027"
"['Mon: 5:30 PM - 10:00 PM', 'Tue: 5:30 PM - 10:00 PM', 'Wed: 5:30 PM - 10:00 PM', 'Thu: 5:30 PM - 10:00 PM', 'Fri: 5:30 PM - 10:00 PM', 'Sat: 5:30 PM - 10:00 PM', 'Sun: Closed']","['Pyongyang Cold Noodle', 'Spicy Fried Chicken', 'Galbi Jjim', 'Mushroom Sotbap', 'Beef Tartare', 'Uni Sotbap', 'Pork Butt Ssam', 'Foie Gras Noodle', 'Soondae Ssam', 'Korean Sausage Ssam', 'Uni Fried Rice', 'Beef Jeongol', 'Black Truffle', 'Spicy Salmon Ssam Wraps', 'Branzino', 'Mushroom Rice Pot', 'Short Rib']","29 E 32nd StNew York, NY 10016"
[],"['Caesar Salad', 'Steak Sandwich', 'Chicken Club', 'Club Sandwich']","LaGuardia Airport - Terminal DGates 92-98Queens, NY 11371"
"['Mon: Closed', 'Tue: 5:30 PM - 10:30 PM', 'Wed: 5:30 PM - 10:30 PM', 'Thu: 5:30 PM - 10:30 PM', 'Fri: 5:30 PM - 10:30 PM', 'Sat: 11:00 AM - 3:00 PM 5:30 PM - 10:30 PM', 'Sun: 11:00 AM - 3:00 PM 5:00 PM - 9:00 PM']","['Bread Basket', 'Lamb Kofta', ""Za'atar Baby Back Ribs"", 'Coconut Crispy Rice', 'Green Chorizo Kofta', 'Red Curry', 'Green Shakshuka', 'American Breakfast', 'Parker House Rolls', 'Green Rice', 'Lamb Sausage', 'Half Chicken', 'Grilled Prawns', 'Pickle Plate']","46 Norman AveBrooklyn, NY 11222"
[],[],"1309 Prospect AveBronx, NY 10459"
"['Mon: 8:00 AM - 8:00 PM', 'Tue: 8:00 AM - 8:00 PM', 'Wed: 8:00 AM - 8:00 PM', 'Thu: 8:00 AM - 8:00 PM', 'Fri: 8:00 AM - 3:00 PM', 'Sat: Closed', 'Sun: 8:00 AM - 8:00 PM']","['Avocado Toast', 'Poached Egg', 'Challah French Toast', 'Egg Sandwich', 'Moss Rice Bowl', 'Fish Tacos', 'Carrot Coconut Soup', 'Gazpacho']","3260 Johnson AveBronx, NY 10463"
"['Mon: 11:30 AM - 9:00 PM', 'Tue: 11:30 AM - 9:00 PM', 'Wed: 11:30 AM - 9:00 PM', 'Thu: 11:30 AM - 9:00 PM', 'Fri: 11:30 AM - 10:00 PM', 'Sat: 11:00 AM - 10:00 PM', 'Sun: 11:00 AM - 9:00 PM']","['Seafood Risotto', 'Chicken Taco Spring Rolls', 'Filet Mignon', 'Pretzel Crusted Calamari', 'Chilean Sea Bass', 'Steak and Eggs', 'French Toast', 'Truffle Mac', 'Tuna Tartare', 'Firecracker Shrimp', 'Eggs Benedict', 'Lamb Shank', 'Short Rib Bruschetta', 'Skirt Steak', 'Lobster Mac', 'Cast Iron Pan Seared Rib Eye Steak', 'Prix Fixe', 'Ny Strip Steak', 'Grilled Shrimp Pasta', 'Swordfish']","2 Main StSte GEdgewater, NJ 07020"
[],[],"350 Hudson StNew York, NY 10014"
"['Mon: 11:30 AM - 12:00 AM (Next day)', 'Tue: 11:30 AM - 12:00 AM (Next day)', 'Wed: 11:30 AM - 12:00 AM (Next day)', 'Thu: 11:30 AM - 12:00 AM (Next day)', 'Fri: 11:30 AM - 12:00 AM (Next day)', 'Sat: 11:30 AM - 12:00 AM (Next day)', 'Sun: 11:30 AM - 12:00 AM (Next day)']",[],"1161 Castle Hill AveEast Bronx, NY 12059"
"['Mon: 11:00 AM - 9:45 PM', 'Tue: 11:00 AM - 9:45 PM', 'Wed: 11:00 AM - 9:45 PM', 'Thu: 11:00 AM - 10:15 PM', 'Fri: 11:00 AM - 10:15 PM', 'Sat: 11:00 AM - 10:15 PM', 'Sun: 11:00 AM - 9:45 PM']",[],"13 E 37th StNew York, NY 10016"
[],[],"54 E 181st StBronx, NY 10453"
[],[],"10 W Burnside AveBronx, NY 10453"
